"Stichtagdatjahr","DatenstandCd","HAArtLevel1Sort","HAArtLevel1Cd","HAArtLevel1Lang","HASTWESort","HASTWECd","HASTWELang","BaualterSort_noDM","BaualterCd_noDM","BaualterLang_noDM","AnzZimmerLevel2Sort_noDM","AnzZimmerLevel2Cd_noDM","AnzZimmerLevel2Lang_noDM","AnzHA","HAPreisWohnflaeche","HAMedianPreis","HASumPreis"
2009,"D",1,"22","Kauf",1,"J","Ja",1,"1","Neubauten (0–1 Jahre)",1,"1","1-Zimmer","1–3",6818,375000,K
2009,"D",1,"22","Kauf",1,"J","Ja",2,"2","2–9 Jahre",1,"1","1-Zimmer","1–3",17618,926090,K
2009,"D",1,"22","Kauf",1,"J","Ja",3,"3","10–19 Jahre",1,"1","1-Zimmer","1–3",8361,371180,K
2009,"D",1,"22","Kauf",1,"J","Ja",4,"4","Altbauten (umgebaut)",1,"1","1-Zimmer","1–3",9389,213060,K
2009,"D",1,"22","Kauf",1,"J","Ja",5,"5","Altbauten (nicht umgebaut)",1,"1","1-Zimmer","24",8500,264100,8570281
2009,"D",1,"22","Kauf",1,"J","Ja",9,"9","Total",1,"1","1-Zimmer","31",8552,265000,11965926
2009,"D",1,"22","Kauf",1,"J","Ja",1,"1","Neubauten (0–1 Jahre)",2,"2","2-Zimmer","18",11612,765000,14360614
2009,"D",1,"22","Kauf",1,"J","Ja",2,"2","2–9 Jahre",2,"2","2-Zimmer","8",12551,1173910,9327826
2009,"D",1,"22","Kauf",1,"J","Ja",3,"3","10–19 Jahre",2,"2","2-Zimmer","8",7566,450000,4365000
2009,"D",1,"22","Kauf",1,"J","Ja",4,"4","Altbauten (umgebaut)",2,"2","2-Zimmer","13",8561,505000,7215000
2009,"D",1,"22","Kauf",1,"J","Ja",5,"5","Altbauten (nicht umgebaut)",2,"2","2-Zimmer","42",7143,384730,18971611
2009,"D",1,"22","Kauf",1,"J","Ja",9,"9","Total",2,"2","2-Zimmer","89",7800,505000,54240051
2009,"D",1,"22","Kauf",1,"J","Ja",1,"1","Neubauten (0–1 Jahre)",3,"3","3-Zimmer","55",7614,745000,50802779
2009,"D",1,"22","Kauf",1,"J","Ja",2,"2","2–9 Jahre",3,"3","3-Zimmer","9",10446,1143500,9709500
2009,"D",1,"22","Kauf",1,"J","Ja",3,"3","10–19 Jahre",3,"3","3-Zimmer","9",8824,750000,8362242
2009,"D",1,"22","Kauf",1,"J","Ja",4,"4","Altbauten (umgebaut)",3,"3","3-Zimmer","13",9400,595000,10243000
2009,"D",1,"22","Kauf",1,"J","Ja",5,"5","Altbauten (nicht umgebaut)",3,"3","3-Zimmer","57",6071,490000,36939784
2009,"D",1,"22","Kauf",1,"J","Ja",9,"9","Total",3,"3","3-Zimmer","143",7389,698550,116057305
2009,"D",1,"22","Kauf",1,"J","Ja",1,"1","Neubauten (0–1 Jahre)",4,"4","4-Zimmer","104",6573,835000,97431644
2009,"D",1,"22","Kauf",1,"J","Ja",2,"2","2–9 Jahre",4,"4","4-Zimmer","9",6132,925000,8915000
2009,"D",1,"22","Kauf",1,"J","Ja",3,"3","10–19 Jahre",4,"4","4-Zimmer","21",8864,940000,24902691
2009,"D",1,"22","Kauf",1,"J","Ja",4,"4","Altbauten (umgebaut)",4,"4","4-Zimmer","19",12594,1450000,26188838
2009,"D",1,"22","Kauf",1,"J","Ja",5,"5","Altbauten (nicht umgebaut)",4,"4","4-Zimmer","55",7966,770000,45647839
2009,"D",1,"22","Kauf",1,"J","Ja",9,"9","Total",4,"4","4-Zimmer","208",7577,855750,203086012
2009,"D",1,"22","Kauf",1,"J","Ja",1,"1","Neubauten (0–1 Jahre)",5,"5","5-Zimmer","26",7085,1316780,36250225
2009,"D",1,"22","Kauf",1,"J","Ja",2,"2","2–9 Jahre",5,"5","5-Zimmer","6–8",10631,1537580,13941010
2009,"D",1,"22","Kauf",1,"J","Ja",3,"3","10–19 Jahre",5,"5","5-Zimmer","1–3",16293,2763230,K
2009,"D",1,"22","Kauf",1,"J","Ja",4,"4","Altbauten (umgebaut)",5,"5","5-Zimmer","18",10185,1575000,24400884
2009,"D",1,"22","Kauf",1,"J","Ja",5,"5","Altbauten (nicht umgebaut)",5,"5","5-Zimmer","30",8912,1118000,35793636
2009,"D",1,"22","Kauf",1,"J","Ja",9,"9","Total",5,"5","5-Zimmer","83",9117,1312500,113148986
2009,"D",1,"22","Kauf",1,"J","Ja",1,"1","Neubauten (0–1 Jahre)",6,"6","6-Zimmer und mehr","16",5045,1412500,26275000
2009,"D",1,"22","Kauf",1,"J","Ja",2,"2","2–9 Jahre",6,"6","6-Zimmer und mehr","1–3",6536,1170000,K
2009,"D",1,"22","Kauf",1,"J","Ja",3,"3","10–19 Jahre",6,"6","6-Zimmer und mehr","1–3",28302,4500000,K
2009,"D",1,"22","Kauf",1,"J","Ja",4,"4","Altbauten (umgebaut)",6,"6","6-Zimmer und mehr","5–9",12064,1600000,10240000
2009,"D",1,"22","Kauf",1,"J","Ja",5,"5","Altbauten (nicht umgebaut)",6,"6","6-Zimmer und mehr","10",12480,2215000,22370813
2009,"D",1,"22","Kauf",1,"J","Ja",9,"9","Total",6,"6","6-Zimmer und mehr","37",8015,1470810,71470813
2010,"D",1,"22","Kauf",1,"J","Ja",2,"2","2–9 Jahre",1,"1","1-Zimmer","1–3",10153,1300000,K
2010,"D",1,"22","Kauf",1,"J","Ja",3,"3","10–19 Jahre",1,"1","1-Zimmer","1–3",11072,316670,K
2010,"D",1,"22","Kauf",1,"J","Ja",4,"4","Altbauten (umgebaut)",1,"1","1-Zimmer","5",12434,408050,3322612
2010,"D",1,"22","Kauf",1,"J","Ja",5,"5","Altbauten (nicht umgebaut)",1,"1","1-Zimmer","26",8491,270000,9845011
2010,"D",1,"22","Kauf",1,"J","Ja",9,"9","Total",1,"1","1-Zimmer","36",9310,307500,17580957
2010,"D",1,"22","Kauf",1,"J","Ja",1,"1","Neubauten (0–1 Jahre)",2,"2","2-Zimmer","43",7230,550000,26666113
2010,"D",1,"22","Kauf",1,"J","Ja",2,"2","2–9 Jahre",2,"2","2-Zimmer","5",10119,850000,5227925
2010,"D",1,"22","Kauf",1,"J","Ja",3,"3","10–19 Jahre",2,"2","2-Zimmer","1–3",6607,370000,K
2010,"D",1,"22","Kauf",1,"J","Ja",4,"4","Altbauten (umgebaut)",2,"2","2-Zimmer","2–4",12450,824380,3070075
2010,"D",1,"22","Kauf",1,"J","Ja",5,"5","Altbauten (nicht umgebaut)",2,"2","2-Zimmer","29",7520,420000,14021068
2010,"D",1,"22","Kauf",1,"J","Ja",9,"9","Total",2,"2","2-Zimmer","82",7590,522500,49355180
2010,"D",1,"22","Kauf",1,"J","Ja",1,"1","Neubauten (0–1 Jahre)",3,"3","3-Zimmer","117",7736,825000,97869738
2010,"D",1,"22","Kauf",1,"J","Ja",2,"2","2–9 Jahre",3,"3","3-Zimmer","11",9043,880000,12845637
2010,"D",1,"22","Kauf",1,"J","Ja",3,"3","10–19 Jahre",3,"3","3-Zimmer","23",8026,700000,18718388
2010,"D",1,"22","Kauf",1,"J","Ja",4,"4","Altbauten (umgebaut)",3,"3","3-Zimmer","12",8823,1063000,16630883
2010,"D",1,"22","Kauf",1,"J","Ja",5,"5","Altbauten (nicht umgebaut)",3,"3","3-Zimmer","60",7737,582500,38695881
2010,"D",1,"22","Kauf",1,"J","Ja",9,"9","Total",3,"3","3-Zimmer","223",8026,800000,184760527
2010,"D",1,"22","Kauf",1,"J","Ja",1,"1","Neubauten (0–1 Jahre)",4,"4","4-Zimmer","145",7077,920000,141028225
2010,"D",1,"22","Kauf",1,"J","Ja",2,"2","2–9 Jahre",4,"4","4-Zimmer","16",9158,1500000,28394556
2010,"D",1,"22","Kauf",1,"J","Ja",3,"3","10–19 Jahre",4,"4","4-Zimmer","12",7509,793820,11526858
2010,"D",1,"22","Kauf",1,"J","Ja",4,"4","Altbauten (umgebaut)",4,"4","4-Zimmer","20",9296,1444500,27772000
2010,"D",1,"22","Kauf",1,"J","Ja",5,"5","Altbauten (nicht umgebaut)",4,"4","4-Zimmer","61",7345,755000,54956455
2010,"D",1,"22","Kauf",1,"J","Ja",9,"9","Total",4,"4","4-Zimmer","254",7493,940000,263678094
2010,"D",1,"22","Kauf",1,"J","Ja",1,"1","Neubauten (0–1 Jahre)",5,"5","5-Zimmer","62",7714,1120000,68087545
2010,"D",1,"22","Kauf",1,"J","Ja",2,"2","2–9 Jahre",5,"5","5-Zimmer","9–11",10201,1430000,15188400
2010,"D",1,"22","Kauf",1,"J","Ja",3,"3","10–19 Jahre",5,"5","5-Zimmer","1–3",13444,1765000,K
2010,"D",1,"22","Kauf",1,"J","Ja",4,"4","Altbauten (umgebaut)",5,"5","5-Zimmer","12",9382,1737500,21008000
2010,"D",1,"22","Kauf",1,"J","Ja",5,"5","Altbauten (nicht umgebaut)",5,"5","5-Zimmer","24",10038,1318130,33184263
2010,"D",1,"22","Kauf",1,"J","Ja",9,"9","Total",5,"5","5-Zimmer","110",8540,1194500,140998208
2010,"D",1,"22","Kauf",1,"J","Ja",1,"1","Neubauten (0–1 Jahre)",6,"6","6-Zimmer und mehr","15",5151,1050000,19368660
2010,"D",1,"22","Kauf",1,"J","Ja",2,"2","2–9 Jahre",6,"6","6-Zimmer und mehr","2–4",10561,2750000,11003333
2010,"D",1,"22","Kauf",1,"J","Ja",3,"3","10–19 Jahre",6,"6","6-Zimmer und mehr","1–3",12079,2874700,K
2010,"D",1,"22","Kauf",1,"J","Ja",4,"4","Altbauten (umgebaut)",6,"6","6-Zimmer und mehr","6",14334,2175000,15252242
2010,"D",1,"22","Kauf",1,"J","Ja",5,"5","Altbauten (nicht umgebaut)",6,"6","6-Zimmer und mehr","11",8056,1580000,23527462
2010,"D",1,"22","Kauf",1,"J","Ja",9,"9","Total",6,"6","6-Zimmer und mehr","37",8056,1660000,72026394
2011,"D",1,"22","Kauf",1,"J","Ja",1,"1","Neubauten (0–1 Jahre)",1,"1","1-Zimmer","6",7547,313000,2870000
2011,"D",1,"22","Kauf",1,"J","Ja",2,"2","2–9 Jahre",1,"1","1-Zimmer","1–3",11832,1430000,K
2011,"D",1,"22","Kauf",1,"J","Ja",3,"3","10–19 Jahre",1,"1","1-Zimmer","1–3",10746,362780,K
2011,"D",1,"22","Kauf",1,"J","Ja",4,"4","Altbauten (umgebaut)",1,"1","1-Zimmer","4",11896,320000,1553681
2011,"D",1,"22","Kauf",1,"J","Ja",5,"5","Altbauten (nicht umgebaut)",1,"1","1-Zimmer","27",9800,260000,7292407
2011,"D",1,"22","Kauf",1,"J","Ja",9,"9","Total",1,"1","1-Zimmer","42",9728,311000,15996643
2011,"D",1,"22","Kauf",1,"J","Ja",1,"1","Neubauten (0–1 Jahre)",2,"2","2-Zimmer","26",9533,842500,21547129
2011,"D",1,"22","Kauf",1,"J","Ja",2,"2","2–9 Jahre",2,"2","2-Zimmer","1–3",10721,1220000,K
2011,"D",1,"22","Kauf",1,"J","Ja",3,"3","10–19 Jahre",2,"2","2-Zimmer","7–9",11254,727500,6449000
2011,"D",1,"22","Kauf",1,"J","Ja",4,"4","Altbauten (umgebaut)",2,"2","2-Zimmer","11",10692,705700,9175975
2011,"D",1,"22","Kauf",1,"J","Ja",5,"5","Altbauten (nicht umgebaut)",2,"2","2-Zimmer","36",8036,440000,21901272
2011,"D",1,"22","Kauf",1,"J","Ja",9,"9","Total",2,"2","2-Zimmer","83",9409,650000,61513376
2011,"D",1,"22","Kauf",1,"J","Ja",1,"1","Neubauten (0–1 Jahre)",3,"3","3-Zimmer","72",7249,757500,57885189
2011,"D",1,"22","Kauf",1,"J","Ja",2,"2","2–9 Jahre",3,"3","3-Zimmer","10",10868,950000,11146000
2011,"D",1,"22","Kauf",1,"J","Ja",3,"3","10–19 Jahre",3,"3","3-Zimmer","5",14000,960000,5690000
2011,"D",1,"22","Kauf",1,"J","Ja",4,"4","Altbauten (umgebaut)",3,"3","3-Zimmer","13",9606,653200,9965510
2011,"D",1,"22","Kauf",1,"J","Ja",5,"5","Altbauten (nicht umgebaut)",3,"3","3-Zimmer","60",7836,676120,45591891
2011,"D",1,"22","Kauf",1,"J","Ja",9,"9","Total",3,"3","3-Zimmer","160",7839,740000,130278590
2011,"D",1,"22","Kauf",1,"J","Ja",1,"1","Neubauten (0–1 Jahre)",4,"4","4-Zimmer","86",7562,883590,85054133
2011,"D",1,"22","Kauf",1,"J","Ja",2,"2","2–9 Jahre",4,"4","4-Zimmer","21",10769,1350000,30457000
2011,"D",1,"22","Kauf",1,"J","Ja",3,"3","10–19 Jahre",4,"4","4-Zimmer","6",10241,1320000,7287000
2011,"D",1,"22","Kauf",1,"J","Ja",4,"4","Altbauten (umgebaut)",4,"4","4-Zimmer","13",12944,1290000,17914000
2011,"D",1,"22","Kauf",1,"J","Ja",5,"5","Altbauten (nicht umgebaut)",4,"4","4-Zimmer","58",9086,972500,66849151
2011,"D",1,"22","Kauf",1,"J","Ja",9,"9","Total",4,"4","4-Zimmer","184",8674,1000000,207561284
2011,"D",1,"22","Kauf",1,"J","Ja",1,"1","Neubauten (0–1 Jahre)",5,"5","5-Zimmer","25",10285,1610000,39393074
2011,"D",1,"22","Kauf",1,"J","Ja",2,"2","2–9 Jahre",5,"5","5-Zimmer","9–11",7770,1345000,15010000
2011,"D",1,"22","Kauf",1,"J","Ja",3,"3","10–19 Jahre",5,"5","5-Zimmer","1–3",13808,2237500,K
2011,"D",1,"22","Kauf",1,"J","Ja",4,"4","Altbauten (umgebaut)",5,"5","5-Zimmer","10",12407,1790000,18069790
2011,"D",1,"22","Kauf",1,"J","Ja",5,"5","Altbauten (nicht umgebaut)",5,"5","5-Zimmer","32",9009,1075000,43691134
2011,"D",1,"22","Kauf",1,"J","Ja",9,"9","Total",5,"5","5-Zimmer","79",9984,1450000,120638998
2011,"D",1,"22","Kauf",1,"J","Ja",1,"1","Neubauten (0–1 Jahre)",6,"6","6-Zimmer und mehr","1–3",14354,3990000,K
2011,"D",1,"22","Kauf",1,"J","Ja",2,"2","2–9 Jahre",6,"6","6-Zimmer und mehr","1–3",4415,828140,K
2011,"D",1,"22","Kauf",1,"J","Ja",4,"4","Altbauten (umgebaut)",6,"6","6-Zimmer und mehr","1–3",16361,2876660,K
2011,"D",1,"22","Kauf",1,"J","Ja",5,"5","Altbauten (nicht umgebaut)",6,"6","6-Zimmer und mehr","12",10999,1630000,25897000
2011,"D",1,"22","Kauf",1,"J","Ja",9,"9","Total",6,"6","6-Zimmer und mehr","19",10843,1800000,42991099
2012,"D",1,"22","Kauf",1,"J","Ja",1,"1","Neubauten (0–1 Jahre)",1,"1","1-Zimmer","1–3",9631,497900,K
2012,"D",1,"22","Kauf",1,"J","Ja",3,"3","10–19 Jahre",1,"1","1-Zimmer","1–3",5000,130000,K
2012,"D",1,"22","Kauf",1,"J","Ja",4,"4","Altbauten (umgebaut)",1,"1","1-Zimmer","1–3",13650,1255000,K
2012,"D",1,"22","Kauf",1,"J","Ja",5,"5","Altbauten (nicht umgebaut)",1,"1","1-Zimmer","34",7022,275000,10183563
2012,"D",1,"22","Kauf",1,"J","Ja",9,"9","Total",1,"1","1-Zimmer","39",7586,310000,13819364
2012,"D",1,"22","Kauf",1,"J","Ja",1,"1","Neubauten (0–1 Jahre)",2,"2","2-Zimmer","23",12755,1250000,25383200
2012,"D",1,"22","Kauf",1,"J","Ja",2,"2","2–9 Jahre",2,"2","2-Zimmer","1–3",12725,971500,K
2012,"D",1,"22","Kauf",1,"J","Ja",3,"3","10–19 Jahre",2,"2","2-Zimmer","9",8450,500000,5057000
2012,"D",1,"22","Kauf",1,"J","Ja",4,"4","Altbauten (umgebaut)",2,"2","2-Zimmer","4–6",12077,630000,2855000
2012,"D",1,"22","Kauf",1,"J","Ja",5,"5","Altbauten (nicht umgebaut)",2,"2","2-Zimmer","29",7979,534400,16811595
2012,"D",1,"22","Kauf",1,"J","Ja",9,"9","Total",2,"2","2-Zimmer","68",10508,716000,52049795
2012,"D",1,"22","Kauf",1,"J","Ja",1,"1","Neubauten (0–1 Jahre)",3,"3","3-Zimmer","70",8361,890960,79518593
2012,"D",1,"22","Kauf",1,"J","Ja",2,"2","2–9 Jahre",3,"3","3-Zimmer","8",10544,1169500,9731000
2012,"D",1,"22","Kauf",1,"J","Ja",3,"3","10–19 Jahre",3,"3","3-Zimmer","7",10182,990000,6556000
2012,"D",1,"22","Kauf",1,"J","Ja",4,"4","Altbauten (umgebaut)",3,"3","3-Zimmer","6",9796,887500,5610000
2012,"D",1,"22","Kauf",1,"J","Ja",5,"5","Altbauten (nicht umgebaut)",3,"3","3-Zimmer","62",8627,697500,48568074
2012,"D",1,"22","Kauf",1,"J","Ja",9,"9","Total",3,"3","3-Zimmer","153",8666,800000,149983668
2012,"D",1,"22","Kauf",1,"J","Ja",1,"1","Neubauten (0–1 Jahre)",4,"4","4-Zimmer","57",12473,1751000,116710495
2012,"D",1,"22","Kauf",1,"J","Ja",2,"2","2–9 Jahre",4,"4","4-Zimmer","22",9898,1172500,28984935
2012,"D",1,"22","Kauf",1,"J","Ja",3,"3","10–19 Jahre",4,"4","4-Zimmer","9",8673,1000000,9926000
2012,"D",1,"22","Kauf",1,"J","Ja",4,"4","Altbauten (umgebaut)",4,"4","4-Zimmer","13",14597,1985000,23599500
2012,"D",1,"22","Kauf",1,"J","Ja",5,"5","Altbauten (nicht umgebaut)",4,"4","4-Zimmer","49",9682,900000,49807622
2012,"D",1,"22","Kauf",1,"J","Ja",9,"9","Total",4,"4","4-Zimmer","150",10595,1330000,229028552
2012,"D",1,"22","Kauf",1,"J","Ja",1,"1","Neubauten (0–1 Jahre)",5,"5","5-Zimmer","18",11598,1745500,44586309
2012,"D",1,"22","Kauf",1,"J","Ja",2,"2","2–9 Jahre",5,"5","5-Zimmer","3–5",10076,1525000,6850000
2012,"D",1,"22","Kauf",1,"J","Ja",3,"3","10–19 Jahre",5,"5","5-Zimmer","4",9539,1267500,5150000
2012,"D",1,"22","Kauf",1,"J","Ja",4,"4","Altbauten (umgebaut)",5,"5","5-Zimmer","1–3",15953,2740000,K
2012,"D",1,"22","Kauf",1,"J","Ja",5,"5","Altbauten (nicht umgebaut)",5,"5","5-Zimmer","26",10189,1275000,36718578
2012,"D",1,"22","Kauf",1,"J","Ja",9,"9","Total",5,"5","5-Zimmer","54",10775,1515000,98784887
2012,"D",1,"22","Kauf",1,"J","Ja",1,"1","Neubauten (0–1 Jahre)",6,"6","6-Zimmer und mehr","13–15",16821,4125000,59934015
2012,"D",1,"22","Kauf",1,"J","Ja",2,"2","2–9 Jahre",6,"6","6-Zimmer und mehr","1–3",16709,6221470,K
2012,"D",1,"22","Kauf",1,"J","Ja",5,"5","Altbauten (nicht umgebaut)",6,"6","6-Zimmer und mehr","14",9113,1340000,26070974
2012,"D",1,"22","Kauf",1,"J","Ja",9,"9","Total",6,"6","6-Zimmer und mehr","30",13090,2715000,98447936
2013,"D",1,"22","Kauf",1,"J","Ja",1,"1","Neubauten (0–1 Jahre)",1,"1","1-Zimmer","1–3",7375,590000,K
2013,"D",1,"22","Kauf",1,"J","Ja",5,"5","Altbauten (nicht umgebaut)",1,"1","1-Zimmer","19–21",10690,310860,6903249
2013,"D",1,"22","Kauf",1,"J","Ja",9,"9","Total",1,"1","1-Zimmer","22",10517,315430,7493249
2013,"D",1,"22","Kauf",1,"J","Ja",1,"1","Neubauten (0–1 Jahre)",2,"2","2-Zimmer","67",8679,900000,62020948
2013,"D",1,"22","Kauf",1,"J","Ja",2,"2","2–9 Jahre",2,"2","2-Zimmer","4–6",11818,790000,5305000
2013,"D",1,"22","Kauf",1,"J","Ja",3,"3","10–19 Jahre",2,"2","2-Zimmer","7",11333,680000,5680000
2013,"D",1,"22","Kauf",1,"J","Ja",4,"4","Altbauten (umgebaut)",2,"2","2-Zimmer","1–3",7890,447500,K
2013,"D",1,"22","Kauf",1,"J","Ja",5,"5","Altbauten (nicht umgebaut)",2,"2","2-Zimmer","28",7946,515000,14113803
2013,"D",1,"22","Kauf",1,"J","Ja",9,"9","Total",2,"2","2-Zimmer","109",8783,800000,88014751
2013,"D",1,"22","Kauf",1,"J","Ja",1,"1","Neubauten (0–1 Jahre)",3,"3","3-Zimmer","99",9044,1020000,120331384
2013,"D",1,"22","Kauf",1,"J","Ja",2,"2","2–9 Jahre",3,"3","3-Zimmer","13",11368,1070000,17320000
2013,"D",1,"22","Kauf",1,"J","Ja",3,"3","10–19 Jahre",3,"3","3-Zimmer","1–3",13722,1207500,K
2013,"D",1,"22","Kauf",1,"J","Ja",4,"4","Altbauten (umgebaut)",3,"3","3-Zimmer","9–11",11974,980000,9815500
2013,"D",1,"22","Kauf",1,"J","Ja",5,"5","Altbauten (nicht umgebaut)",3,"3","3-Zimmer","45",8442,705000,34953978
2013,"D",1,"22","Kauf",1,"J","Ja",9,"9","Total",3,"3","3-Zimmer","169",9133,940000,187578362
2013,"D",1,"22","Kauf",1,"J","Ja",1,"1","Neubauten (0–1 Jahre)",4,"4","4-Zimmer","83",9549,1289000,127745206
2013,"D",1,"22","Kauf",1,"J","Ja",2,"2","2–9 Jahre",4,"4","4-Zimmer","11",10192,1250000,15547000
2013,"D",1,"22","Kauf",1,"J","Ja",3,"3","10–19 Jahre",4,"4","4-Zimmer","6",13471,1695000,9950000
2013,"D",1,"22","Kauf",1,"J","Ja",4,"4","Altbauten (umgebaut)",4,"4","4-Zimmer","4",13611,1225000,4600000
2013,"D",1,"22","Kauf",1,"J","Ja",5,"5","Altbauten (nicht umgebaut)",4,"4","4-Zimmer","48",10731,1110000,55767000
2013,"D",1,"22","Kauf",1,"J","Ja",9,"9","Total",4,"4","4-Zimmer","152",10047,1237500,213609206
2013,"D",1,"22","Kauf",1,"J","Ja",1,"1","Neubauten (0–1 Jahre)",5,"5","5-Zimmer","17",12081,1839000,37362120
2013,"D",1,"22","Kauf",1,"J","Ja",2,"2","2–9 Jahre",5,"5","5-Zimmer","1–3",9184,1350000,K
2013,"D",1,"22","Kauf",1,"J","Ja",3,"3","10–19 Jahre",5,"5","5-Zimmer","1–3",8500,1360000,K
2013,"D",1,"22","Kauf",1,"J","Ja",4,"4","Altbauten (umgebaut)",5,"5","5-Zimmer","4–8",12558,1840000,7315000
2013,"D",1,"22","Kauf",1,"J","Ja",5,"5","Altbauten (nicht umgebaut)",5,"5","5-Zimmer","26",10704,1450000,41006000
2013,"D",1,"22","Kauf",1,"J","Ja",9,"9","Total",5,"5","5-Zimmer","53",11422,1600000,95671120
2013,"D",1,"22","Kauf",1,"J","Ja",1,"1","Neubauten (0–1 Jahre)",6,"6","6-Zimmer und mehr","1–3",10832,1939000,K
2013,"D",1,"22","Kauf",1,"J","Ja",2,"2","2–9 Jahre",6,"6","6-Zimmer und mehr","1–3",8902,3000000,K
2013,"D",1,"22","Kauf",1,"J","Ja",3,"3","10–19 Jahre",6,"6","6-Zimmer und mehr","1–3",8848,1805000,K
2013,"D",1,"22","Kauf",1,"J","Ja",4,"4","Altbauten (umgebaut)",6,"6","6-Zimmer und mehr","1–3",13689,2460000,K
2013,"D",1,"22","Kauf",1,"J","Ja",5,"5","Altbauten (nicht umgebaut)",6,"6","6-Zimmer und mehr","9",12579,2000000,17852469
2013,"D",1,"22","Kauf",1,"J","Ja",9,"9","Total",6,"6","6-Zimmer und mehr","15",12127,2000000,31321469
2014,"D",1,"22","Kauf",1,"J","Ja",1,"1","Neubauten (0–1 Jahre)",1,"1","1-Zimmer","29",11477,665000,17948765
2014,"D",1,"22","Kauf",1,"J","Ja",3,"3","10–19 Jahre",1,"1","1-Zimmer","1–3",16088,1227500,K
2014,"D",1,"22","Kauf",1,"J","Ja",4,"4","Altbauten (umgebaut)",1,"1","1-Zimmer","27–29",10536,890000,27294303
2014,"D",1,"22","Kauf",1,"J","Ja",5,"5","Altbauten (nicht umgebaut)",1,"1","1-Zimmer","28",9634,319090,9779110
2014,"D",1,"22","Kauf",1,"J","Ja",9,"9","Total",1,"1","1-Zimmer","87",11026,665000,57477178
2014,"D",1,"22","Kauf",1,"J","Ja",1,"1","Neubauten (0–1 Jahre)",2,"2","2-Zimmer","100",12102,1005000,109833545
2014,"D",1,"22","Kauf",1,"J","Ja",2,"2","2–9 Jahre",2,"2","2-Zimmer","6",10893,782120,5594435
2014,"D",1,"22","Kauf",1,"J","Ja",3,"3","10–19 Jahre",2,"2","2-Zimmer","1–3",8942,610500,K
2014,"D",1,"22","Kauf",1,"J","Ja",4,"4","Altbauten (umgebaut)",2,"2","2-Zimmer","4–6",11857,629000,3619000
2014,"D",1,"22","Kauf",1,"J","Ja",5,"5","Altbauten (nicht umgebaut)",2,"2","2-Zimmer","28",8966,538300,16121883
2014,"D",1,"22","Kauf",1,"J","Ja",9,"9","Total",2,"2","2-Zimmer","141",11420,910000,136389863
2014,"D",1,"22","Kauf",1,"J","Ja",1,"1","Neubauten (0–1 Jahre)",3,"3","3-Zimmer","117",11550,1185000,156216553
2014,"D",1,"22","Kauf",1,"J","Ja",2,"2","2–9 Jahre",3,"3","3-Zimmer","17",10638,1030000,23293254
2014,"D",1,"22","Kauf",1,"J","Ja",3,"3","10–19 Jahre",3,"3","3-Zimmer","8",7723,732500,6191000
2014,"D",1,"22","Kauf",1,"J","Ja",4,"4","Altbauten (umgebaut)",3,"3","3-Zimmer","9",10603,730000,8098000
2014,"D",1,"22","Kauf",1,"J","Ja",5,"5","Altbauten (nicht umgebaut)",3,"3","3-Zimmer","65",8429,685000,54760097
2014,"D",1,"22","Kauf",1,"J","Ja",9,"9","Total",3,"3","3-Zimmer","216",10703,1060000,248558903
2014,"D",1,"22","Kauf",1,"J","Ja",1,"1","Neubauten (0–1 Jahre)",4,"4","4-Zimmer","51",10678,1360000,70276739
2014,"D",1,"22","Kauf",1,"J","Ja",2,"2","2–9 Jahre",4,"4","4-Zimmer","19",10392,1300000,30340000
2014,"D",1,"22","Kauf",1,"J","Ja",3,"3","10–19 Jahre",4,"4","4-Zimmer","14",12553,1860000,23880000
2014,"D",1,"22","Kauf",1,"J","Ja",4,"4","Altbauten (umgebaut)",4,"4","4-Zimmer","20",12963,1558000,30464718
2014,"D",1,"22","Kauf",1,"J","Ja",5,"5","Altbauten (nicht umgebaut)",4,"4","4-Zimmer","47",8673,950000,52803139
2014,"D",1,"22","Kauf",1,"J","Ja",9,"9","Total",4,"4","4-Zimmer","151",10675,1263000,207764596
2014,"D",1,"22","Kauf",1,"J","Ja",1,"1","Neubauten (0–1 Jahre)",5,"5","5-Zimmer","18",9739,1545500,31018922
2014,"D",1,"22","Kauf",1,"J","Ja",2,"2","2–9 Jahre",5,"5","5-Zimmer","1–3",10828,1700000,K
2014,"D",1,"22","Kauf",1,"J","Ja",3,"3","10–19 Jahre",5,"5","5-Zimmer","15",14018,2235000,32980000
2014,"D",1,"22","Kauf",1,"J","Ja",4,"4","Altbauten (umgebaut)",5,"5","5-Zimmer","4–6",10202,1690050,10757798
2014,"D",1,"22","Kauf",1,"J","Ja",5,"5","Altbauten (nicht umgebaut)",5,"5","5-Zimmer","23",11170,1370000,36340016
2014,"D",1,"22","Kauf",1,"J","Ja",9,"9","Total",5,"5","5-Zimmer","63",11170,1720090,112796736
2014,"D",1,"22","Kauf",1,"J","Ja",1,"1","Neubauten (0–1 Jahre)",6,"6","6-Zimmer und mehr","1–3",12528,2230000,K
2014,"D",1,"22","Kauf",1,"J","Ja",2,"2","2–9 Jahre",6,"6","6-Zimmer und mehr","6",13831,3450000,19830000
2014,"D",1,"22","Kauf",1,"J","Ja",3,"3","10–19 Jahre",6,"6","6-Zimmer und mehr","1–3",12967,2360000,K
2014,"D",1,"22","Kauf",1,"J","Ja",5,"5","Altbauten (nicht umgebaut)",6,"6","6-Zimmer und mehr","11",11569,1990000,26636164
2014,"D",1,"22","Kauf",1,"J","Ja",9,"9","Total",6,"6","6-Zimmer und mehr","20",12133,2267500,53286164
2015,"D",1,"22","Kauf",1,"J","Ja",1,"1","Neubauten (0–1 Jahre)",1,"1","1-Zimmer","1–3",7071,495000,K
2015,"D",1,"22","Kauf",1,"J","Ja",4,"4","Altbauten (umgebaut)",1,"1","1-Zimmer","17",10308,800000,16129620
2015,"D",1,"22","Kauf",1,"J","Ja",5,"5","Altbauten (nicht umgebaut)",1,"1","1-Zimmer","13–15",8276,232000,4312584
2015,"D",1,"22","Kauf",1,"J","Ja",9,"9","Total",1,"1","1-Zimmer","33",10000,470000,20937204
2015,"D",1,"22","Kauf",1,"J","Ja",1,"1","Neubauten (0–1 Jahre)",2,"2","2-Zimmer","92",11346,824070,80020412
2015,"D",1,"22","Kauf",1,"J","Ja",2,"2","2–9 Jahre",2,"2","2-Zimmer","11",14711,1465000,16588100
2015,"D",1,"22","Kauf",1,"J","Ja",3,"3","10–19 Jahre",2,"2","2-Zimmer","6",12085,681500,4283000
2015,"D",1,"22","Kauf",1,"J","Ja",4,"4","Altbauten (umgebaut)",2,"2","2-Zimmer","6",9906,530000,3785000
2015,"D",1,"22","Kauf",1,"J","Ja",5,"5","Altbauten (nicht umgebaut)",2,"2","2-Zimmer","47",8481,450000,25724240
2015,"D",1,"22","Kauf",1,"J","Ja",9,"9","Total",2,"2","2-Zimmer","162",10835,755000,130400752
2015,"D",1,"22","Kauf",1,"J","Ja",1,"1","Neubauten (0–1 Jahre)",3,"3","3-Zimmer","184",11400,1195000,232762490
2015,"D",1,"22","Kauf",1,"J","Ja",2,"2","2–9 Jahre",3,"3","3-Zimmer","20",11247,1195000,23605000
2015,"D",1,"22","Kauf",1,"J","Ja",3,"3","10–19 Jahre",3,"3","3-Zimmer","7",10236,1085000,7780000
2015,"D",1,"22","Kauf",1,"J","Ja",4,"4","Altbauten (umgebaut)",3,"3","3-Zimmer","6",12028,948500,6069000
2015,"D",1,"22","Kauf",1,"J","Ja",5,"5","Altbauten (nicht umgebaut)",3,"3","3-Zimmer","68",9788,803660,59395130
2015,"D",1,"22","Kauf",1,"J","Ja",9,"9","Total",3,"3","3-Zimmer","285",11228,1123000,329611621
2015,"D",1,"22","Kauf",1,"J","Ja",1,"1","Neubauten (0–1 Jahre)",4,"4","4-Zimmer","122",10471,1350000,186378871
2015,"D",1,"22","Kauf",1,"J","Ja",2,"2","2–9 Jahre",4,"4","4-Zimmer","32",10480,1394000,51608000
2015,"D",1,"22","Kauf",1,"J","Ja",3,"3","10–19 Jahre",4,"4","4-Zimmer","15",13143,1688000,23958000
2015,"D",1,"22","Kauf",1,"J","Ja",4,"4","Altbauten (umgebaut)",4,"4","4-Zimmer","16",13870,2035000,34931000
2015,"D",1,"22","Kauf",1,"J","Ja",5,"5","Altbauten (nicht umgebaut)",4,"4","4-Zimmer","61",9901,1120000,79358592
2015,"D",1,"22","Kauf",1,"J","Ja",9,"9","Total",4,"4","4-Zimmer","246",10730,1360000,376234463
2015,"D",1,"22","Kauf",1,"J","Ja",1,"1","Neubauten (0–1 Jahre)",5,"5","5-Zimmer","61",11300,1720000,118683600
2015,"D",1,"22","Kauf",1,"J","Ja",2,"2","2–9 Jahre",5,"5","5-Zimmer","11",10505,2050000,21427800
2015,"D",1,"22","Kauf",1,"J","Ja",3,"3","10–19 Jahre",5,"5","5-Zimmer","6–8",9089,1545000,9120000
2015,"D",1,"22","Kauf",1,"J","Ja",4,"4","Altbauten (umgebaut)",5,"5","5-Zimmer","1–3",11748,1915000,K
2015,"D",1,"22","Kauf",1,"J","Ja",5,"5","Altbauten (nicht umgebaut)",5,"5","5-Zimmer","24",9939,1390750,38042500
2015,"D",1,"22","Kauf",1,"J","Ja",9,"9","Total",5,"5","5-Zimmer","105",11167,1695000,192958900
2015,"D",1,"22","Kauf",1,"J","Ja",1,"1","Neubauten (0–1 Jahre)",6,"6","6-Zimmer und mehr","1–4",11847,1990000,11689000
2015,"D",1,"22","Kauf",1,"J","Ja",2,"2","2–9 Jahre",6,"6","6-Zimmer und mehr","1–3",18728,5300000,K
2015,"D",1,"22","Kauf",1,"J","Ja",3,"3","10–19 Jahre",6,"6","6-Zimmer und mehr","1–3",12011,2150000,K
2015,"D",1,"22","Kauf",1,"J","Ja",5,"5","Altbauten (nicht umgebaut)",6,"6","6-Zimmer und mehr","13",15093,2224720,31243719
2015,"D",1,"22","Kauf",1,"J","Ja",9,"9","Total",6,"6","6-Zimmer und mehr","19",13926,2150000,50382719
2016,"D",1,"22","Kauf",1,"J","Ja",1,"1","Neubauten (0–1 Jahre)",1,"1","1-Zimmer","7",11923,930000,6295000
2016,"D",1,"22","Kauf",1,"J","Ja",2,"2","2–9 Jahre",1,"1","1-Zimmer","4",18754,920000,3660000
2016,"D",1,"22","Kauf",1,"J","Ja",3,"3","10–19 Jahre",1,"1","1-Zimmer","6",13206,1365000,6790024
2016,"D",1,"22","Kauf",1,"J","Ja",4,"4","Altbauten (umgebaut)",1,"1","1-Zimmer","8",13971,880000,7406627
2016,"D",1,"22","Kauf",1,"J","Ja",5,"5","Altbauten (nicht umgebaut)",1,"1","1-Zimmer","19",7931,239880,6554971
2016,"D",1,"22","Kauf",1,"J","Ja",9,"9","Total",1,"1","1-Zimmer","44",11923,660500,30706622
2016,"D",1,"22","Kauf",1,"J","Ja",1,"1","Neubauten (0–1 Jahre)",2,"2","2-Zimmer","42",11983,917500,37652762
2016,"D",1,"22","Kauf",1,"J","Ja",2,"2","2–9 Jahre",2,"2","2-Zimmer","15",15467,1540000,23070000
2016,"D",1,"22","Kauf",1,"J","Ja",3,"3","10–19 Jahre",2,"2","2-Zimmer","1–3",17250,862500,K
2016,"D",1,"22","Kauf",1,"J","Ja",4,"4","Altbauten (umgebaut)",2,"2","2-Zimmer","8–10",13429,810000,8454000
2016,"D",1,"22","Kauf",1,"J","Ja",5,"5","Altbauten (nicht umgebaut)",2,"2","2-Zimmer","38",10624,590000,24989077
2016,"D",1,"22","Kauf",1,"J","Ja",9,"9","Total",2,"2","2-Zimmer","106",12208,827500,95890838
2016,"D",1,"22","Kauf",1,"J","Ja",1,"1","Neubauten (0–1 Jahre)",3,"3","3-Zimmer","105",10288,1095000,125865691
2016,"D",1,"22","Kauf",1,"J","Ja",2,"2","2–9 Jahre",3,"3","3-Zimmer","31",11880,1390000,45824000
2016,"D",1,"22","Kauf",1,"J","Ja",3,"3","10–19 Jahre",3,"3","3-Zimmer","1–3",14929,1310000,K
2016,"D",1,"22","Kauf",1,"J","Ja",4,"4","Altbauten (umgebaut)",3,"3","3-Zimmer","9–11",15724,1700000,16627000
2016,"D",1,"22","Kauf",1,"J","Ja",5,"5","Altbauten (nicht umgebaut)",3,"3","3-Zimmer","81",9800,751940,78544867
2016,"D",1,"22","Kauf",1,"J","Ja",9,"9","Total",3,"3","3-Zimmer","229",10488,1045000,269481558
2016,"D",1,"22","Kauf",1,"J","Ja",1,"1","Neubauten (0–1 Jahre)",4,"4","4-Zimmer","104",10462,1400000,157626744
2016,"D",1,"22","Kauf",1,"J","Ja",2,"2","2–9 Jahre",4,"4","4-Zimmer","28",11682,1590000,52553000
2016,"D",1,"22","Kauf",1,"J","Ja",3,"3","10–19 Jahre",4,"4","4-Zimmer","17",13285,1510000,28195976
2016,"D",1,"22","Kauf",1,"J","Ja",4,"4","Altbauten (umgebaut)",4,"4","4-Zimmer","5",13942,2148000,10038000
2016,"D",1,"22","Kauf",1,"J","Ja",5,"5","Altbauten (nicht umgebaut)",4,"4","4-Zimmer","54",9884,1016500,68044486
2016,"D",1,"22","Kauf",1,"J","Ja",9,"9","Total",4,"4","4-Zimmer","208",10792,1365000,316458205
2016,"D",1,"22","Kauf",1,"J","Ja",1,"1","Neubauten (0–1 Jahre)",5,"5","5-Zimmer","34",11598,1825000,65938474
2016,"D",1,"22","Kauf",1,"J","Ja",2,"2","2–9 Jahre",5,"5","5-Zimmer","9",10938,2050000,16980000
2016,"D",1,"22","Kauf",1,"J","Ja",3,"3","10–19 Jahre",5,"5","5-Zimmer","1–3",14037,3060000,K
2016,"D",1,"22","Kauf",1,"J","Ja",4,"4","Altbauten (umgebaut)",5,"5","5-Zimmer","1–3",10000,1400000,K
2016,"D",1,"22","Kauf",1,"J","Ja",5,"5","Altbauten (nicht umgebaut)",5,"5","5-Zimmer","22",11706,1685000,39213400
2016,"D",1,"22","Kauf",1,"J","Ja",9,"9","Total",5,"5","5-Zimmer","69",11607,1755000,131291874
2016,"D",1,"22","Kauf",1,"J","Ja",1,"1","Neubauten (0–1 Jahre)",6,"6","6-Zimmer und mehr","1–3",15412,3682500,K
2016,"D",1,"22","Kauf",1,"J","Ja",2,"2","2–9 Jahre",6,"6","6-Zimmer und mehr","1–3",16148,4150000,K
2016,"D",1,"22","Kauf",1,"J","Ja",3,"3","10–19 Jahre",6,"6","6-Zimmer und mehr","1–3",7463,1515000,K
2016,"D",1,"22","Kauf",1,"J","Ja",4,"4","Altbauten (umgebaut)",6,"6","6-Zimmer und mehr","1–3",10779,6640000,K
2016,"D",1,"22","Kauf",1,"J","Ja",5,"5","Altbauten (nicht umgebaut)",6,"6","6-Zimmer und mehr","11",12421,1975000,24876600
2016,"D",1,"22","Kauf",1,"J","Ja",9,"9","Total",6,"6","6-Zimmer und mehr","16",12153,2372500,44546600
2017,"D",1,"22","Kauf",1,"J","Ja",1,"1","Neubauten (0–1 Jahre)",1,"1","1-Zimmer","1–3",16673,1667160,K
2017,"D",1,"22","Kauf",1,"J","Ja",2,"2","2–9 Jahre",1,"1","1-Zimmer","1–3",16909,965000,K
2017,"D",1,"22","Kauf",1,"J","Ja",4,"4","Altbauten (umgebaut)",1,"1","1-Zimmer","1–3",12174,850000,K
2017,"D",1,"22","Kauf",1,"J","Ja",5,"5","Altbauten (nicht umgebaut)",1,"1","1-Zimmer","21",11207,360000,7738346
2017,"D",1,"22","Kauf",1,"J","Ja",9,"9","Total",1,"1","1-Zimmer","27",12152,410000,13985503
2017,"D",1,"22","Kauf",1,"J","Ja",1,"1","Neubauten (0–1 Jahre)",2,"2","2-Zimmer","46",10969,775320,41144166
2017,"D",1,"22","Kauf",1,"J","Ja",2,"2","2–9 Jahre",2,"2","2-Zimmer","16–18",13746,1227500,22740000
2017,"D",1,"22","Kauf",1,"J","Ja",3,"3","10–19 Jahre",2,"2","2-Zimmer","1–3",17800,890000,K
2017,"D",1,"22","Kauf",1,"J","Ja",4,"4","Altbauten (umgebaut)",2,"2","2-Zimmer","28",12643,1020000,31476698
2017,"D",1,"22","Kauf",1,"J","Ja",5,"5","Altbauten (nicht umgebaut)",2,"2","2-Zimmer","21",10000,625000,13150671
2017,"D",1,"22","Kauf",1,"J","Ja",9,"9","Total",2,"2","2-Zimmer","114",12209,899150,109401535
2017,"D",1,"22","Kauf",1,"J","Ja",1,"1","Neubauten (0–1 Jahre)",3,"3","3-Zimmer","39",11818,1176200,50528100
2017,"D",1,"22","Kauf",1,"J","Ja",2,"2","2–9 Jahre",3,"3","3-Zimmer","31",13218,1575000,47180839
2017,"D",1,"22","Kauf",1,"J","Ja",3,"3","10–19 Jahre",3,"3","3-Zimmer","1–3",12963,1001000,K
2017,"D",1,"22","Kauf",1,"J","Ja",4,"4","Altbauten (umgebaut)",3,"3","3-Zimmer","10–12",15556,1510000,16755000
2017,"D",1,"22","Kauf",1,"J","Ja",5,"5","Altbauten (nicht umgebaut)",3,"3","3-Zimmer","43",9815,795000,39124376
2017,"D",1,"22","Kauf",1,"J","Ja",9,"9","Total",3,"3","3-Zimmer","126",12136,1110000,155590315
2017,"D",1,"22","Kauf",1,"J","Ja",1,"1","Neubauten (0–1 Jahre)",4,"4","4-Zimmer","49",10466,1395000,73416143
2017,"D",1,"22","Kauf",1,"J","Ja",2,"2","2–9 Jahre",4,"4","4-Zimmer","38",11455,1530000,67555000
2017,"D",1,"22","Kauf",1,"J","Ja",3,"3","10–19 Jahre",4,"4","4-Zimmer","12",12903,1841000,22152000
2017,"D",1,"22","Kauf",1,"J","Ja",4,"4","Altbauten (umgebaut)",4,"4","4-Zimmer","23",13760,1720000,41123302
2017,"D",1,"22","Kauf",1,"J","Ja",5,"5","Altbauten (nicht umgebaut)",4,"4","4-Zimmer","57",11862,1225000,75133638
2017,"D",1,"22","Kauf",1,"J","Ja",9,"9","Total",4,"4","4-Zimmer","179",11862,1450000,279380083
2017,"D",1,"22","Kauf",1,"J","Ja",1,"1","Neubauten (0–1 Jahre)",5,"5","5-Zimmer","25",11944,1835000,50306100
2017,"D",1,"22","Kauf",1,"J","Ja",2,"2","2–9 Jahre",5,"5","5-Zimmer","13",14212,2450000,38560000
2017,"D",1,"22","Kauf",1,"J","Ja",3,"3","10–19 Jahre",5,"5","5-Zimmer","6–8",12607,2655000,20355000
2017,"D",1,"22","Kauf",1,"J","Ja",4,"4","Altbauten (umgebaut)",5,"5","5-Zimmer","1–3",13429,2350000,K
2017,"D",1,"22","Kauf",1,"J","Ja",5,"5","Altbauten (nicht umgebaut)",5,"5","5-Zimmer","23",11256,1500000,38918000
2017,"D",1,"22","Kauf",1,"J","Ja",9,"9","Total",5,"5","5-Zimmer","70",12554,1867500,150489100
2017,"D",1,"22","Kauf",1,"J","Ja",1,"1","Neubauten (0–1 Jahre)",6,"6","6-Zimmer und mehr","1–3",24018,6725000,K
2017,"D",1,"22","Kauf",1,"J","Ja",2,"2","2–9 Jahre",6,"6","6-Zimmer und mehr","4–6",16250,4705000,16624000
2017,"D",1,"22","Kauf",1,"J","Ja",3,"3","10–19 Jahre",6,"6","6-Zimmer und mehr","5",15992,4000000,19775000
2017,"D",1,"22","Kauf",1,"J","Ja",4,"4","Altbauten (umgebaut)",6,"6","6-Zimmer und mehr","6",12246,3045000,29795000
2017,"D",1,"22","Kauf",1,"J","Ja",5,"5","Altbauten (nicht umgebaut)",6,"6","6-Zimmer und mehr","12",13646,2170000,30289700
2017,"D",1,"22","Kauf",1,"J","Ja",9,"9","Total",6,"6","6-Zimmer und mehr","30",13675,3055000,112113700
2018,"D",1,"22","Kauf",1,"J","Ja",2,"2","2–9 Jahre",1,"1","1-Zimmer","15",9940,810000,15830000
2018,"D",1,"22","Kauf",1,"J","Ja",3,"3","10–19 Jahre",1,"1","1-Zimmer","4",12809,217000,1384000
2018,"D",1,"22","Kauf",1,"J","Ja",4,"4","Altbauten (umgebaut)",1,"1","1-Zimmer","5",13143,1840000,7050000
2018,"D",1,"22","Kauf",1,"J","Ja",5,"5","Altbauten (nicht umgebaut)",1,"1","1-Zimmer","12",13333,348960,4487479
2018,"D",1,"22","Kauf",1,"J","Ja",9,"9","Total",1,"1","1-Zimmer","36",10948,730000,28751479
2018,"D",1,"22","Kauf",1,"J","Ja",1,"1","Neubauten (0–1 Jahre)",2,"2","2-Zimmer","35",12241,735000,27410748
2018,"D",1,"22","Kauf",1,"J","Ja",2,"2","2–9 Jahre",2,"2","2-Zimmer","16",11691,1445000,22716000
2018,"D",1,"22","Kauf",1,"J","Ja",3,"3","10–19 Jahre",2,"2","2-Zimmer","1–3",15421,1650000,K
2018,"D",1,"22","Kauf",1,"J","Ja",4,"4","Altbauten (umgebaut)",2,"2","2-Zimmer","7–9",11696,780000,6850350
2018,"D",1,"22","Kauf",1,"J","Ja",5,"5","Altbauten (nicht umgebaut)",2,"2","2-Zimmer","36",10045,677500,25148047
2018,"D",1,"22","Kauf",1,"J","Ja",9,"9","Total",2,"2","2-Zimmer","97",11696,750000,83775145
2018,"D",1,"22","Kauf",1,"J","Ja",1,"1","Neubauten (0–1 Jahre)",3,"3","3-Zimmer","77",11092,1010000,85610147
2018,"D",1,"22","Kauf",1,"J","Ja",2,"2","2–9 Jahre",3,"3","3-Zimmer","32",13143,1445000,45654068
2018,"D",1,"22","Kauf",1,"J","Ja",3,"3","10–19 Jahre",3,"3","3-Zimmer","12",14527,1322500,16483000
2018,"D",1,"22","Kauf",1,"J","Ja",4,"4","Altbauten (umgebaut)",3,"3","3-Zimmer","10",14582,1460000,12197411
2018,"D",1,"22","Kauf",1,"J","Ja",5,"5","Altbauten (nicht umgebaut)",3,"3","3-Zimmer","55",10000,805000,53091897
2018,"D",1,"22","Kauf",1,"J","Ja",9,"9","Total",3,"3","3-Zimmer","186",11425,1020000,213036523
2018,"D",1,"22","Kauf",1,"J","Ja",1,"1","Neubauten (0–1 Jahre)",4,"4","4-Zimmer","73",11752,1395000,107958693
2018,"D",1,"22","Kauf",1,"J","Ja",2,"2","2–9 Jahre",4,"4","4-Zimmer","29",11565,1680000,53309000
2018,"D",1,"22","Kauf",1,"J","Ja",3,"3","10–19 Jahre",4,"4","4-Zimmer","10",11611,1420000,16010000
2018,"D",1,"22","Kauf",1,"J","Ja",4,"4","Altbauten (umgebaut)",4,"4","4-Zimmer","7",14220,1860000,14685000
2018,"D",1,"22","Kauf",1,"J","Ja",5,"5","Altbauten (nicht umgebaut)",4,"4","4-Zimmer","58",10387,969500,65130112
2018,"D",1,"22","Kauf",1,"J","Ja",9,"9","Total",4,"4","4-Zimmer","177",11556,1360000,257092806
2018,"D",1,"22","Kauf",1,"J","Ja",1,"1","Neubauten (0–1 Jahre)",5,"5","5-Zimmer","21",12347,1680000,36590175
2018,"D",1,"22","Kauf",1,"J","Ja",2,"2","2–9 Jahre",5,"5","5-Zimmer","12",14390,2440750,29731500
2018,"D",1,"22","Kauf",1,"J","Ja",3,"3","10–19 Jahre",5,"5","5-Zimmer","5–7",12020,1950000,12710000
2018,"D",1,"22","Kauf",1,"J","Ja",4,"4","Altbauten (umgebaut)",5,"5","5-Zimmer","1–3",11870,1555000,K
2018,"D",1,"22","Kauf",1,"J","Ja",5,"5","Altbauten (nicht umgebaut)",5,"5","5-Zimmer","32",12532,1737500,60460726
2018,"D",1,"22","Kauf",1,"J","Ja",9,"9","Total",5,"5","5-Zimmer","73",12481,1755000,141047401
2018,"D",1,"22","Kauf",1,"J","Ja",1,"1","Neubauten (0–1 Jahre)",6,"6","6-Zimmer und mehr","1–3",12945,2575000,K
2018,"D",1,"22","Kauf",1,"J","Ja",2,"2","2–9 Jahre",6,"6","6-Zimmer und mehr","1–3",12814,2560000,K
2018,"D",1,"22","Kauf",1,"J","Ja",4,"4","Altbauten (umgebaut)",6,"6","6-Zimmer und mehr","1–3",17995,3600000,K
2018,"D",1,"22","Kauf",1,"J","Ja",5,"5","Altbauten (nicht umgebaut)",6,"6","6-Zimmer und mehr","7",13812,2500000,16740433
2018,"D",1,"22","Kauf",1,"J","Ja",9,"9","Total",6,"6","6-Zimmer und mehr","15",13812,2575000,42307933
2019,"D",1,"22","Kauf",1,"J","Ja",1,"1","Neubauten (0–1 Jahre)",1,"1","1-Zimmer","1–3",14038,625000,K
2019,"D",1,"22","Kauf",1,"J","Ja",2,"2","2–9 Jahre",1,"1","1-Zimmer","1–3",10571,1480000,K
2019,"D",1,"22","Kauf",1,"J","Ja",3,"3","10–19 Jahre",1,"1","1-Zimmer","1–3",14516,925000,K
2019,"D",1,"22","Kauf",1,"J","Ja",4,"4","Altbauten (umgebaut)",1,"1","1-Zimmer","4",13296,1180000,5878000
2019,"D",1,"22","Kauf",1,"J","Ja",5,"5","Altbauten (nicht umgebaut)",1,"1","1-Zimmer","16",13980,394600,6618055
2019,"D",1,"22","Kauf",1,"J","Ja",9,"9","Total",1,"1","1-Zimmer","26",13352,525000,18471055
2019,"D",1,"22","Kauf",1,"J","Ja",1,"1","Neubauten (0–1 Jahre)",2,"2","2-Zimmer","29",13254,850000,32370821
2019,"D",1,"22","Kauf",1,"J","Ja",2,"2","2–9 Jahre",2,"2","2-Zimmer","17",12595,1350000,20596829
2019,"D",1,"22","Kauf",1,"J","Ja",3,"3","10–19 Jahre",2,"2","2-Zimmer","1–3",17458,1190000,K
2019,"D",1,"22","Kauf",1,"J","Ja",4,"4","Altbauten (umgebaut)",2,"2","2-Zimmer","1–3",17421,1225000,K
2019,"D",1,"22","Kauf",1,"J","Ja",5,"5","Altbauten (nicht umgebaut)",2,"2","2-Zimmer","30",11161,615000,19919622
2019,"D",1,"22","Kauf",1,"J","Ja",9,"9","Total",2,"2","2-Zimmer","80",12353,815500,77717272
2019,"D",1,"22","Kauf",1,"J","Ja",1,"1","Neubauten (0–1 Jahre)",3,"3","3-Zimmer","36",15834,1407500,53244850
2019,"D",1,"22","Kauf",1,"J","Ja",2,"2","2–9 Jahre",3,"3","3-Zimmer","28",14469,1497500,46884039
2019,"D",1,"22","Kauf",1,"J","Ja",3,"3","10–19 Jahre",3,"3","3-Zimmer","10",12498,1300000,14832000
2019,"D",1,"22","Kauf",1,"J","Ja",4,"4","Altbauten (umgebaut)",3,"3","3-Zimmer","6",13499,1280000,7340000
2019,"D",1,"22","Kauf",1,"J","Ja",5,"5","Altbauten (nicht umgebaut)",3,"3","3-Zimmer","57",10465,850000,55840455
2019,"D",1,"22","Kauf",1,"J","Ja",9,"9","Total",3,"3","3-Zimmer","137",13239,1225000,178141345
2019,"D",1,"22","Kauf",1,"J","Ja",1,"1","Neubauten (0–1 Jahre)",4,"4","4-Zimmer","28",12334,1441500,46050329
2019,"D",1,"22","Kauf",1,"J","Ja",2,"2","2–9 Jahre",4,"4","4-Zimmer","22",16319,2145000,53669500
2019,"D",1,"22","Kauf",1,"J","Ja",3,"3","10–19 Jahre",4,"4","4-Zimmer","18",10247,1285000,25529783
2019,"D",1,"22","Kauf",1,"J","Ja",4,"4","Altbauten (umgebaut)",4,"4","4-Zimmer","5",17083,1650000,11180060
2019,"D",1,"22","Kauf",1,"J","Ja",5,"5","Altbauten (nicht umgebaut)",4,"4","4-Zimmer","68",11789,1225000,90971078
2019,"D",1,"22","Kauf",1,"J","Ja",9,"9","Total",4,"4","4-Zimmer","141",12376,1380000,227400750
2019,"D",1,"22","Kauf",1,"J","Ja",1,"1","Neubauten (0–1 Jahre)",5,"5","5-Zimmer","6",12314,1527500,9680000
2019,"D",1,"22","Kauf",1,"J","Ja",2,"2","2–9 Jahre",5,"5","5-Zimmer","8",16448,2550000,23515000
2019,"D",1,"22","Kauf",1,"J","Ja",3,"3","10–19 Jahre",5,"5","5-Zimmer","4–6",13940,2537120,11102120
2019,"D",1,"22","Kauf",1,"J","Ja",4,"4","Altbauten (umgebaut)",5,"5","5-Zimmer","1–3",18441,2359000,K
2019,"D",1,"22","Kauf",1,"J","Ja",5,"5","Altbauten (nicht umgebaut)",5,"5","5-Zimmer","31",11967,1500000,52714924
2019,"D",1,"22","Kauf",1,"J","Ja",9,"9","Total",5,"5","5-Zimmer","52",12950,1750000,101730044
2019,"D",1,"22","Kauf",1,"J","Ja",1,"1","Neubauten (0–1 Jahre)",6,"6","6-Zimmer und mehr","1–3",11386,1890000,K
2019,"D",1,"22","Kauf",1,"J","Ja",3,"3","10–19 Jahre",6,"6","6-Zimmer und mehr","1–3",12143,3575280,K
2019,"D",1,"22","Kauf",1,"J","Ja",4,"4","Altbauten (umgebaut)",6,"6","6-Zimmer und mehr","1–3",9591,1640000,K
2019,"D",1,"22","Kauf",1,"J","Ja",5,"5","Altbauten (nicht umgebaut)",6,"6","6-Zimmer und mehr","6",10957,1909500,13088395
2019,"D",1,"22","Kauf",1,"J","Ja",9,"9","Total",6,"6","6-Zimmer und mehr","12",11147,1845000,30113948
2020,"D",1,"22","Kauf",1,"J","Ja",2,"2","2–9 Jahre",1,"1","1-Zimmer","1–3",20000,1120000,K
2020,"D",1,"22","Kauf",1,"J","Ja",3,"3","10–19 Jahre",1,"1","1-Zimmer","1–3",15688,2545000,K
2020,"D",1,"22","Kauf",1,"J","Ja",4,"4","Altbauten (umgebaut)",1,"1","1-Zimmer","1–3",13214,631000,K
2020,"D",1,"22","Kauf",1,"J","Ja",5,"5","Altbauten (nicht umgebaut)",1,"1","1-Zimmer","28",10202,366380,13707965
2020,"D",1,"22","Kauf",1,"J","Ja",9,"9","Total",1,"1","1-Zimmer","34",11270,388080,21983965
2020,"D",1,"22","Kauf",1,"J","Ja",1,"1","Neubauten (0–1 Jahre)",2,"2","2-Zimmer","20",13534,955000,21106081
2020,"D",1,"22","Kauf",1,"J","Ja",2,"2","2–9 Jahre",2,"2","2-Zimmer","15",16000,1060000,19312419
2020,"D",1,"22","Kauf",1,"J","Ja",3,"3","10–19 Jahre",2,"2","2-Zimmer","3–5",14361,1430000,5640000
2020,"D",1,"22","Kauf",1,"J","Ja",4,"4","Altbauten (umgebaut)",2,"2","2-Zimmer","1–3",17582,1179500,K
2020,"D",1,"22","Kauf",1,"J","Ja",5,"5","Altbauten (nicht umgebaut)",2,"2","2-Zimmer","59",12990,659560,48455370
2020,"D",1,"22","Kauf",1,"J","Ja",9,"9","Total",2,"2","2-Zimmer","100",13063,868000,96872870
2020,"D",1,"22","Kauf",1,"J","Ja",1,"1","Neubauten (0–1 Jahre)",3,"3","3-Zimmer","46",13733,1377500,68081811
2020,"D",1,"22","Kauf",1,"J","Ja",2,"2","2–9 Jahre",3,"3","3-Zimmer","22",15080,1477500,37403458
2020,"D",1,"22","Kauf",1,"J","Ja",3,"3","10–19 Jahre",3,"3","3-Zimmer","15",16372,1850000,31320000
2020,"D",1,"22","Kauf",1,"J","Ja",4,"4","Altbauten (umgebaut)",3,"3","3-Zimmer","5",15882,1620000,8246026
2020,"D",1,"22","Kauf",1,"J","Ja",5,"5","Altbauten (nicht umgebaut)",3,"3","3-Zimmer","86",11062,822730,85182084
2020,"D",1,"22","Kauf",1,"J","Ja",9,"9","Total",3,"3","3-Zimmer","174",13133,1172500,230233380
2020,"D",1,"22","Kauf",1,"J","Ja",1,"1","Neubauten (0–1 Jahre)",4,"4","4-Zimmer","64",13155,1570000,107132881
2020,"D",1,"22","Kauf",1,"J","Ja",2,"2","2–9 Jahre",4,"4","4-Zimmer","18",15495,2075000,38930283
2020,"D",1,"22","Kauf",1,"J","Ja",3,"3","10–19 Jahre",4,"4","4-Zimmer","14–16",13608,1817000,29282000
2020,"D",1,"22","Kauf",1,"J","Ja",4,"4","Altbauten (umgebaut)",4,"4","4-Zimmer","1–3",19028,2331990,K
2020,"D",1,"22","Kauf",1,"J","Ja",5,"5","Altbauten (nicht umgebaut)",4,"4","4-Zimmer","66",11207,1175000,87995277
2020,"D",1,"22","Kauf",1,"J","Ja",9,"9","Total",4,"4","4-Zimmer","165",12647,1495000,268004414
2020,"D",1,"22","Kauf",1,"J","Ja",1,"1","Neubauten (0–1 Jahre)",5,"5","5-Zimmer","22",11860,1732500,40792000
2020,"D",1,"22","Kauf",1,"J","Ja",2,"2","2–9 Jahre",5,"5","5-Zimmer","4–6",15563,2480000,11310000
2020,"D",1,"22","Kauf",1,"J","Ja",3,"3","10–19 Jahre",5,"5","5-Zimmer","4",12363,2370000,9900000
2020,"D",1,"22","Kauf",1,"J","Ja",4,"4","Altbauten (umgebaut)",5,"5","5-Zimmer","1–3",18841,3200000,K
2020,"D",1,"22","Kauf",1,"J","Ja",5,"5","Altbauten (nicht umgebaut)",5,"5","5-Zimmer","23",15684,2200000,48740000
2020,"D",1,"22","Kauf",1,"J","Ja",9,"9","Total",5,"5","5-Zimmer","56",13848,2100000,120632000
2020,"D",1,"22","Kauf",1,"J","Ja",1,"1","Neubauten (0–1 Jahre)",6,"6","6-Zimmer und mehr","1–3",19590,4780000,K
2020,"D",1,"22","Kauf",1,"J","Ja",2,"2","2–9 Jahre",6,"6","6-Zimmer und mehr","1–3",20116,5150000,K
2020,"D",1,"22","Kauf",1,"J","Ja",3,"3","10–19 Jahre",6,"6","6-Zimmer und mehr","1–3",14127,3725000,K
2020,"D",1,"22","Kauf",1,"J","Ja",5,"5","Altbauten (nicht umgebaut)",6,"6","6-Zimmer und mehr","19",15346,2550000,51387500
2020,"D",1,"22","Kauf",1,"J","Ja",9,"9","Total",6,"6","6-Zimmer und mehr","24",16445,2562500,73917500
2021,"D",1,"22","Kauf",1,"J","Ja",1,"1","Neubauten (0–1 Jahre)",1,"1","1-Zimmer","42",12353,737500,32133500
2021,"D",1,"22","Kauf",1,"J","Ja",3,"3","10–19 Jahre",1,"1","1-Zimmer","1–3",13214,1747000,K
2021,"D",1,"22","Kauf",1,"J","Ja",4,"4","Altbauten (umgebaut)",1,"1","1-Zimmer","10–12",9339,298180,6604091
2021,"D",1,"22","Kauf",1,"J","Ja",5,"5","Altbauten (nicht umgebaut)",1,"1","1-Zimmer","55",12161,320000,22059911
2021,"D",1,"22","Kauf",1,"J","Ja",9,"9","Total",1,"1","1-Zimmer","110",12161,610000,65509502
2021,"D",1,"22","Kauf",1,"J","Ja",1,"1","Neubauten (0–1 Jahre)",2,"2","2-Zimmer","14",15109,1080000,15747724
2021,"D",1,"22","Kauf",1,"J","Ja",2,"2","2–9 Jahre",2,"2","2-Zimmer","16",17273,1330000,21056418
2021,"D",1,"22","Kauf",1,"J","Ja",3,"3","10–19 Jahre",2,"2","2-Zimmer","6",17775,1794500,10259000
2021,"D",1,"22","Kauf",1,"J","Ja",4,"4","Altbauten (umgebaut)",2,"2","2-Zimmer","11",13964,782000,10204941
2021,"D",1,"22","Kauf",1,"J","Ja",5,"5","Altbauten (nicht umgebaut)",2,"2","2-Zimmer","53",11384,630000,36244461
2021,"D",1,"22","Kauf",1,"J","Ja",9,"9","Total",2,"2","2-Zimmer","100",13550,817500,93512545
2021,"D",1,"22","Kauf",1,"J","Ja",1,"1","Neubauten (0–1 Jahre)",3,"3","3-Zimmer","157",12500,1215000,209438386
2021,"D",1,"22","Kauf",1,"J","Ja",2,"2","2–9 Jahre",3,"3","3-Zimmer","19",16009,1825000,36266333
2021,"D",1,"22","Kauf",1,"J","Ja",3,"3","10–19 Jahre",3,"3","3-Zimmer","14",12365,1360310,20620616
2021,"D",1,"22","Kauf",1,"J","Ja",4,"4","Altbauten (umgebaut)",3,"3","3-Zimmer","9",13026,1375000,11961245
2021,"D",1,"22","Kauf",1,"J","Ja",5,"5","Altbauten (nicht umgebaut)",3,"3","3-Zimmer","86",13005,970500,88897270
2021,"D",1,"22","Kauf",1,"J","Ja",9,"9","Total",3,"3","3-Zimmer","285",12761,1195000,367183850
2021,"D",1,"22","Kauf",1,"J","Ja",1,"1","Neubauten (0–1 Jahre)",4,"4","4-Zimmer","123",11259,1465000,197504752
2021,"D",1,"22","Kauf",1,"J","Ja",2,"2","2–9 Jahre",4,"4","4-Zimmer","22",15868,1905000,45855000
2021,"D",1,"22","Kauf",1,"J","Ja",3,"3","10–19 Jahre",4,"4","4-Zimmer","23",13070,1550000,46518000
2021,"D",1,"22","Kauf",1,"J","Ja",4,"4","Altbauten (umgebaut)",4,"4","4-Zimmer","9",15280,1866590,16627500
2021,"D",1,"22","Kauf",1,"J","Ja",5,"5","Altbauten (nicht umgebaut)",4,"4","4-Zimmer","63",15050,1500000,107518186
2021,"D",1,"22","Kauf",1,"J","Ja",9,"9","Total",4,"4","4-Zimmer","240",13406,1537500,414023438
2021,"D",1,"22","Kauf",1,"J","Ja",1,"1","Neubauten (0–1 Jahre)",5,"5","5-Zimmer","8",13742,1987500,17300000
2021,"D",1,"22","Kauf",1,"J","Ja",2,"2","2–9 Jahre",5,"5","5-Zimmer","10",18429,2800000,30160000
2021,"D",1,"22","Kauf",1,"J","Ja",3,"3","10–19 Jahre",5,"5","5-Zimmer","9",16480,3275000,27721900
2021,"D",1,"22","Kauf",1,"J","Ja",4,"4","Altbauten (umgebaut)",5,"5","5-Zimmer","5",12171,1850000,11650000
2021,"D",1,"22","Kauf",1,"J","Ja",5,"5","Altbauten (nicht umgebaut)",5,"5","5-Zimmer","43",15657,1800000,92614544
2021,"D",1,"22","Kauf",1,"J","Ja",9,"9","Total",5,"5","5-Zimmer","75",15357,2200000,179446444
2021,"D",1,"22","Kauf",1,"J","Ja",1,"1","Neubauten (0–1 Jahre)",6,"6","6-Zimmer und mehr","1–3",16437,5224640,K
2021,"D",1,"22","Kauf",1,"J","Ja",3,"3","10–19 Jahre",6,"6","6-Zimmer und mehr","1–3",9971,2250000,K
2021,"D",1,"22","Kauf",1,"J","Ja",5,"5","Altbauten (nicht umgebaut)",6,"6","6-Zimmer und mehr","7",19275,3600000,24472155
2021,"D",1,"22","Kauf",1,"J","Ja",9,"9","Total",6,"6","6-Zimmer und mehr","10",18506,3240000,34196792
2022,"D",1,"22","Kauf",1,"J","Ja",2,"2","2–9 Jahre",1,"1","1-Zimmer","1–3",20646,978000,K
2022,"D",1,"22","Kauf",1,"J","Ja",3,"3","10–19 Jahre",1,"1","1-Zimmer","1–3",17194,1201250,K
2022,"D",1,"22","Kauf",1,"J","Ja",4,"4","Altbauten (umgebaut)",1,"1","1-Zimmer","5",18500,740000,3465000
2022,"D",1,"22","Kauf",1,"J","Ja",5,"5","Altbauten (nicht umgebaut)",1,"1","1-Zimmer","20",15359,460000,10433594
2022,"D",1,"22","Kauf",1,"J","Ja",9,"9","Total",1,"1","1-Zimmer","29",15565,510310,18257094
2022,"D",1,"22","Kauf",1,"J","Ja",1,"1","Neubauten (0–1 Jahre)",2,"2","2-Zimmer","45",12708,953000,47983105
2022,"D",1,"22","Kauf",1,"J","Ja",2,"2","2–9 Jahre",2,"2","2-Zimmer","14",17934,1440000,20252712
2022,"D",1,"22","Kauf",1,"J","Ja",3,"3","10–19 Jahre",2,"2","2-Zimmer","8–10",15807,1872500,17485500
2022,"D",1,"22","Kauf",1,"J","Ja",4,"4","Altbauten (umgebaut)",2,"2","2-Zimmer","1–3",16367,982000,K
2022,"D",1,"22","Kauf",1,"J","Ja",5,"5","Altbauten (nicht umgebaut)",2,"2","2-Zimmer","51",16667,999700,57154516
2022,"D",1,"22","Kauf",1,"J","Ja",9,"9","Total",2,"2","2-Zimmer","121",14801,1025000,143857834
2022,"D",1,"22","Kauf",1,"J","Ja",1,"1","Neubauten (0–1 Jahre)",3,"3","3-Zimmer","102",12991,1272150,133859659
2022,"D",1,"22","Kauf",1,"J","Ja",2,"2","2–9 Jahre",3,"3","3-Zimmer","22",18381,1970000,43755895
2022,"D",1,"22","Kauf",1,"J","Ja",3,"3","10–19 Jahre",3,"3","3-Zimmer","13",13333,1400000,24526589
2022,"D",1,"22","Kauf",1,"J","Ja",4,"4","Altbauten (umgebaut)",3,"3","3-Zimmer","6",15364,1727500,10418000
2022,"D",1,"22","Kauf",1,"J","Ja",5,"5","Altbauten (nicht umgebaut)",3,"3","3-Zimmer","54",15473,1157500,69532393
2022,"D",1,"22","Kauf",1,"J","Ja",9,"9","Total",3,"3","3-Zimmer","197",14375,1306660,282092536
2022,"D",1,"22","Kauf",1,"J","Ja",1,"1","Neubauten (0–1 Jahre)",4,"4","4-Zimmer","127",13851,1610000,220827523
2022,"D",1,"22","Kauf",1,"J","Ja",2,"2","2–9 Jahre",4,"4","4-Zimmer","8",16685,2300000,20032000
2022,"D",1,"22","Kauf",1,"J","Ja",3,"3","10–19 Jahre",4,"4","4-Zimmer","23",14679,2000000,50035237
2022,"D",1,"22","Kauf",1,"J","Ja",4,"4","Altbauten (umgebaut)",4,"4","4-Zimmer","5",17820,1650000,8638440
2022,"D",1,"22","Kauf",1,"J","Ja",5,"5","Altbauten (nicht umgebaut)",4,"4","4-Zimmer","56",15600,1575000,98172268
2022,"D",1,"22","Kauf",1,"J","Ja",9,"9","Total",4,"4","4-Zimmer","219",14224,1630000,397705468
2022,"D",1,"22","Kauf",1,"J","Ja",1,"1","Neubauten (0–1 Jahre)",5,"5","5-Zimmer","19",14473,1980000,40806324
2022,"D",1,"22","Kauf",1,"J","Ja",2,"2","2–9 Jahre",5,"5","5-Zimmer","3–5",15926,2150000,13625200
2022,"D",1,"22","Kauf",1,"J","Ja",3,"3","10–19 Jahre",5,"5","5-Zimmer","13",14292,2450000,33010340
2022,"D",1,"22","Kauf",1,"J","Ja",4,"4","Altbauten (umgebaut)",5,"5","5-Zimmer","1–3",27863,3650000,K
2022,"D",1,"22","Kauf",1,"J","Ja",5,"5","Altbauten (nicht umgebaut)",5,"5","5-Zimmer","33",15649,2260000,76858320
2022,"D",1,"22","Kauf",1,"J","Ja",9,"9","Total",5,"5","5-Zimmer","71",14919,2201000,167950184
2022,"D",1,"22","Kauf",1,"J","Ja",1,"1","Neubauten (0–1 Jahre)",6,"6","6-Zimmer und mehr","1–3",16295,3650000,K
2022,"D",1,"22","Kauf",1,"J","Ja",3,"3","10–19 Jahre",6,"6","6-Zimmer und mehr","4",16946,3725000,15370000
2022,"D",1,"22","Kauf",1,"J","Ja",4,"4","Altbauten (umgebaut)",6,"6","6-Zimmer und mehr","1–3",24902,3705000,K
2022,"D",1,"22","Kauf",1,"J","Ja",5,"5","Altbauten (nicht umgebaut)",6,"6","6-Zimmer und mehr","8",18368,3175000,24966000
2022,"D",1,"22","Kauf",1,"J","Ja",9,"9","Total",6,"6","6-Zimmer und mehr","17",18553,3500000,59806000
2023,"D",1,"22","Kauf",1,"J","Ja",1,"1","Neubauten (0–1 Jahre)",1,"1","1-Zimmer","9",17742,670000,6468500
2023,"D",1,"22","Kauf",1,"J","Ja",2,"2","2–9 Jahre",1,"1","1-Zimmer","4–6",16808,1000000,3654156
2023,"D",1,"22","Kauf",1,"J","Ja",3,"3","10–19 Jahre",1,"1","1-Zimmer","1–3",18581,1300000,K
2023,"D",1,"22","Kauf",1,"J","Ja",4,"4","Altbauten (umgebaut)",1,"1","1-Zimmer","4",18806,730000,3267700
2023,"D",1,"22","Kauf",1,"J","Ja",5,"5","Altbauten (nicht umgebaut)",1,"1","1-Zimmer","26",17411,515500,14318908
2023,"D",1,"22","Kauf",1,"J","Ja",9,"9","Total",1,"1","1-Zimmer","46",17532,592500,31233264
2023,"D",1,"22","Kauf",1,"J","Ja",1,"1","Neubauten (0–1 Jahre)",2,"2","2-Zimmer","46",11828,832500,41742959
2023,"D",1,"22","Kauf",1,"J","Ja",2,"2","2–9 Jahre",2,"2","2-Zimmer","13",20253,1450000,18433000
2023,"D",1,"22","Kauf",1,"J","Ja",3,"3","10–19 Jahre",2,"2","2-Zimmer","6–8",16670,1745000,10490000
2023,"D",1,"22","Kauf",1,"J","Ja",4,"4","Altbauten (umgebaut)",2,"2","2-Zimmer","1–3",20349,1750000,K
2023,"D",1,"22","Kauf",1,"J","Ja",5,"5","Altbauten (nicht umgebaut)",2,"2","2-Zimmer","26",16272,949420,25876809
2023,"D",1,"22","Kauf",1,"J","Ja",9,"9","Total",2,"2","2-Zimmer","94",13920,890000,101902768
2023,"D",1,"22","Kauf",1,"J","Ja",1,"1","Neubauten (0–1 Jahre)",3,"3","3-Zimmer","103",14574,1267000,152569161
2023,"D",1,"22","Kauf",1,"J","Ja",2,"2","2–9 Jahre",3,"3","3-Zimmer","18",17608,1970000,35900402
2023,"D",1,"22","Kauf",1,"J","Ja",3,"3","10–19 Jahre",3,"3","3-Zimmer","19",15593,1684000,33002755
2023,"D",1,"22","Kauf",1,"J","Ja",4,"4","Altbauten (umgebaut)",3,"3","3-Zimmer","12",14803,1880000,20739575
2023,"D",1,"22","Kauf",1,"J","Ja",5,"5","Altbauten (nicht umgebaut)",3,"3","3-Zimmer","75",13158,1031440,94537681
2023,"D",1,"22","Kauf",1,"J","Ja",9,"9","Total",3,"3","3-Zimmer","227",14848,1290000,336749575
2023,"D",1,"22","Kauf",1,"J","Ja",1,"1","Neubauten (0–1 Jahre)",4,"4","4-Zimmer","80",15584,1735000,154414432
2023,"D",1,"22","Kauf",1,"J","Ja",2,"2","2–9 Jahre",4,"4","4-Zimmer","15",16432,2200000,32714344
2023,"D",1,"22","Kauf",1,"J","Ja",3,"3","10–19 Jahre",4,"4","4-Zimmer","13",16803,2340000,28698684
2023,"D",1,"22","Kauf",1,"J","Ja",4,"4","Altbauten (umgebaut)",4,"4","4-Zimmer","6",17685,2185500,11641000
2023,"D",1,"22","Kauf",1,"J","Ja",5,"5","Altbauten (nicht umgebaut)",4,"4","4-Zimmer","66",15181,1575000,108052880
2023,"D",1,"22","Kauf",1,"J","Ja",9,"9","Total",4,"4","4-Zimmer","180",15674,1734800,335521340
2023,"D",1,"22","Kauf",1,"J","Ja",1,"1","Neubauten (0–1 Jahre)",5,"5","5-Zimmer","26",18289,2127500,64227122
2023,"D",1,"22","Kauf",1,"J","Ja",2,"2","2–9 Jahre",5,"5","5-Zimmer","3–5",19139,3100000,13300000
2023,"D",1,"22","Kauf",1,"J","Ja",3,"3","10–19 Jahre",5,"5","5-Zimmer","8",15880,2180000,18980000
2023,"D",1,"22","Kauf",1,"J","Ja",4,"4","Altbauten (umgebaut)",5,"5","5-Zimmer","1–3",13861,2313740,K
2023,"D",1,"22","Kauf",1,"J","Ja",5,"5","Altbauten (nicht umgebaut)",5,"5","5-Zimmer","27",13844,1830000,56613658
2023,"D",1,"22","Kauf",1,"J","Ja",9,"9","Total",5,"5","5-Zimmer","67",16842,2170000,157748258
2023,"D",1,"22","Kauf",1,"J","Ja",1,"1","Neubauten (0–1 Jahre)",6,"6","6-Zimmer und mehr","1–3",13778,2700000,K
2023,"D",1,"22","Kauf",1,"J","Ja",3,"3","10–19 Jahre",6,"6","6-Zimmer und mehr","1–3",13712,2331000,K
2023,"D",1,"22","Kauf",1,"J","Ja",4,"4","Altbauten (umgebaut)",6,"6","6-Zimmer und mehr","1–3",23543,3555000,K
2023,"D",1,"22","Kauf",1,"J","Ja",5,"5","Altbauten (nicht umgebaut)",6,"6","6-Zimmer und mehr","10–16",17131,2900000,31131000
2023,"D",1,"22","Kauf",1,"J","Ja",9,"9","Total",6,"6","6-Zimmer und mehr","19",16193,2850000,59878000
2024,"D",1,"22","Kauf",1,"J","Ja",1,"1","Neubauten (0–1 Jahre)",1,"1","1-Zimmer","1–3",14400,720000,K
2024,"D",1,"22","Kauf",1,"J","Ja",2,"2","2–9 Jahre",1,"1","1-Zimmer","1–3",19000,1140000,K
2024,"D",1,"22","Kauf",1,"J","Ja",3,"3","10–19 Jahre",1,"1","1-Zimmer","1–3",15278,1050000,K
2024,"D",1,"22","Kauf",1,"J","Ja",4,"4","Altbauten (umgebaut)",1,"1","1-Zimmer","1–3",16477,623000,K
2024,"D",1,"22","Kauf",1,"J","Ja",5,"5","Altbauten (nicht umgebaut)",1,"1","1-Zimmer","23–31",15591,610000,18722855
2024,"D",1,"22","Kauf",1,"J","Ja",9,"9","Total",1,"1","1-Zimmer","35",15641,720000,29235855
2024,"D",1,"22","Kauf",1,"J","Ja",1,"1","Neubauten (0–1 Jahre)",2,"2","2-Zimmer","35",16852,1020000,39822825
2024,"D",1,"22","Kauf",1,"J","Ja",2,"2","2–9 Jahre",2,"2","2-Zimmer","8",20574,1560000,12600000
2024,"D",1,"22","Kauf",1,"J","Ja",3,"3","10–19 Jahre",2,"2","2-Zimmer","9",21875,1375000,14390000
2024,"D",1,"22","Kauf",1,"J","Ja",4,"4","Altbauten (umgebaut)",2,"2","2-Zimmer","14",11891,816500,13765000
2024,"D",1,"22","Kauf",1,"J","Ja",5,"5","Altbauten (nicht umgebaut)",2,"2","2-Zimmer","63",16761,1002000,67505274
2024,"D",1,"22","Kauf",1,"J","Ja",9,"9","Total",2,"2","2-Zimmer","129",17231,1020000,148083099
2024,"D",1,"22","Kauf",1,"J","Ja",1,"1","Neubauten (0–1 Jahre)",3,"3","3-Zimmer","47",15550,1450000,71846715
2024,"D",1,"22","Kauf",1,"J","Ja",2,"2","2–9 Jahre",3,"3","3-Zimmer","23",17200,1790000,41226573
2024,"D",1,"22","Kauf",1,"J","Ja",3,"3","10–19 Jahre",3,"3","3-Zimmer","19",14352,1550000,31256606
2024,"D",1,"22","Kauf",1,"J","Ja",4,"4","Altbauten (umgebaut)",3,"3","3-Zimmer","16",21095,2165000,32787942
2024,"D",1,"22","Kauf",1,"J","Ja",5,"5","Altbauten (nicht umgebaut)",3,"3","3-Zimmer","141",15263,1300000,184121764
2024,"D",1,"22","Kauf",1,"J","Ja",9,"9","Total",3,"3","3-Zimmer","246",16225,1383130,361239600
2024,"D",1,"22","Kauf",1,"J","Ja",1,"1","Neubauten (0–1 Jahre)",4,"4","4-Zimmer","48",16962,1892500,96493724
2024,"D",1,"22","Kauf",1,"J","Ja",2,"2","2–9 Jahre",4,"4","4-Zimmer","20",15765,1860000,38482981
2024,"D",1,"22","Kauf",1,"J","Ja",3,"3","10–19 Jahre",4,"4","4-Zimmer","20",18267,2625000,55459000
2024,"D",1,"22","Kauf",1,"J","Ja",4,"4","Altbauten (umgebaut)",4,"4","4-Zimmer","9",20342,2125000,18263834
2024,"D",1,"22","Kauf",1,"J","Ja",5,"5","Altbauten (nicht umgebaut)",4,"4","4-Zimmer","91",15842,1600000,155042519
2024,"D",1,"22","Kauf",1,"J","Ja",9,"9","Total",4,"4","4-Zimmer","188",16761,1755000,363742058
2024,"D",1,"22","Kauf",1,"J","Ja",1,"1","Neubauten (0–1 Jahre)",5,"5","5-Zimmer","10",16665,2125000,23896591
2024,"D",1,"22","Kauf",1,"J","Ja",2,"2","2–9 Jahre",5,"5","5-Zimmer","1–3",15751,2665000,K
2024,"D",1,"22","Kauf",1,"J","Ja",3,"3","10–19 Jahre",5,"5","5-Zimmer","4–6",18715,2912500,15665000
2024,"D",1,"22","Kauf",1,"J","Ja",4,"4","Altbauten (umgebaut)",5,"5","5-Zimmer","9",20000,2620000,30250400
2024,"D",1,"22","Kauf",1,"J","Ja",5,"5","Altbauten (nicht umgebaut)",5,"5","5-Zimmer","37",16031,2105000,83242163
2024,"D",1,"22","Kauf",1,"J","Ja",9,"9","Total",5,"5","5-Zimmer","63",16840,2300000,160872303
2024,"D",1,"22","Kauf",1,"J","Ja",1,"1","Neubauten (0–1 Jahre)",6,"6","6-Zimmer und mehr","1–3",19156,2950000,K
2024,"D",1,"22","Kauf",1,"J","Ja",3,"3","10–19 Jahre",6,"6","6-Zimmer und mehr","1–3",16443,3160000,K
2024,"D",1,"22","Kauf",1,"J","Ja",4,"4","Altbauten (umgebaut)",6,"6","6-Zimmer und mehr","4",14382,2042120,10384231
2024,"D",1,"22","Kauf",1,"J","Ja",5,"5","Altbauten (nicht umgebaut)",6,"6","6-Zimmer und mehr","4",22831,4071750,17773500
2024,"D",1,"22","Kauf",1,"J","Ja",9,"9","Total",6,"6","6-Zimmer und mehr","11",16919,2970000,37427731
