web_scraper_order,web_scraper_start_url,link_pages,link_listings,area_m2_raw,rooms_raw,rent_chf_raw,year_built_raw,address_raw
"1764272670-1","https://www.homegate.ch/rent/real-estate/city-zurich/matching-list?be=15000&ac=2.5&ad=5.5&ipd=true&ep=40","https://www.homegate.ch/rent/real-estate/city-zurich/matching-list?ep=50&be=15000&ac=2.5&ad=5.5&ipd=true","https://www.homegate.ch/rent/4002496481","69 m2","3.5","2,340.–","","Kienastenwiesweg 31, 8053 Zürich"
"1764272673-2","https://www.homegate.ch/rent/real-estate/city-zurich/matching-list?be=15000&ac=2.5&ad=5.5&ipd=true&ep=40","https://www.homegate.ch/rent/real-estate/city-zurich/matching-list?ep=50&be=15000&ac=2.5&ad=5.5&ipd=true","https://www.homegate.ch/rent/4002504533","82 m2","3","2,520.–","","Kienastenwiesweg 31, 8053 Zürich"
"1764272676-3","https://www.homegate.ch/rent/real-estate/city-zurich/matching-list?be=15000&ac=2.5&ad=5.5&ipd=true&ep=40","https://www.homegate.ch/rent/real-estate/city-zurich/matching-list?ep=50&be=15000&ac=2.5&ad=5.5&ipd=true","https://www.homegate.ch/rent/4002530184","","3","3,790.–","","Zentralstrasse 25, 8003 Zürich"
"1764272678-4","https://www.homegate.ch/rent/real-estate/city-zurich/matching-list?be=15000&ac=2.5&ad=5.5&ipd=true&ep=40","https://www.homegate.ch/rent/real-estate/city-zurich/matching-list?ep=50&be=15000&ac=2.5&ad=5.5&ipd=true","https://www.homegate.ch/rent/4002530569","134 m2","5.5","2,530.–","1984","Kesslernmattstr. 14, 8965 Berikon"
"1764272681-5","https://www.homegate.ch/rent/real-estate/city-zurich/matching-list?be=15000&ac=2.5&ad=5.5&ipd=true&ep=40","https://www.homegate.ch/rent/real-estate/city-zurich/matching-list?ep=50&be=15000&ac=2.5&ad=5.5&ipd=true","https://www.homegate.ch/rent/4002542635","98 m2","3.5","2,255.–","1989","Im Spitzler 21, 8902 Urdorf"
"1764272684-6","https://www.homegate.ch/rent/real-estate/city-zurich/matching-list?be=15000&ac=2.5&ad=5.5&ipd=true&ep=40","https://www.homegate.ch/rent/real-estate/city-zurich/matching-list?ep=50&be=15000&ac=2.5&ad=5.5&ipd=true","https://www.homegate.ch/rent/4002551340","68 m2","3.5","1,945.–","1973","Ferdinand Hodler-Str. 14, 8049 Zürich"
"1764272687-7","https://www.homegate.ch/rent/real-estate/city-zurich/matching-list?be=15000&ac=2.5&ad=5.5&ipd=true&ep=40","https://www.homegate.ch/rent/real-estate/city-zurich/matching-list?ep=50&be=15000&ac=2.5&ad=5.5&ipd=true","https://www.homegate.ch/rent/4002567338","134 m2","5.5","5,590.–","1906","Weinbergstrasse 72, 8006 Zürich"
"1764272692-8","https://www.homegate.ch/rent/real-estate/city-zurich/matching-list?be=15000&ac=2.5&ad=5.5&ipd=true&ep=40","https://www.homegate.ch/rent/real-estate/city-zurich/matching-list?ep=50&be=15000&ac=2.5&ad=5.5&ipd=true","https://www.homegate.ch/rent/4002569703","89 m2","2.5","3,230.–","","Forchstr. 261, 8032 Zürich"
"1764272695-9","https://www.homegate.ch/rent/real-estate/city-zurich/matching-list?be=15000&ac=2.5&ad=5.5&ipd=true&ep=40","https://www.homegate.ch/rent/real-estate/city-zurich/matching-list?ep=50&be=15000&ac=2.5&ad=5.5&ipd=true","https://www.homegate.ch/rent/4002569711","89 m2","2.5","3,235.–","","Forchstr. 261, 8032 Zürich"
"1764272699-10","https://www.homegate.ch/rent/real-estate/city-zurich/matching-list?be=15000&ac=2.5&ad=5.5&ipd=true&ep=40","https://www.homegate.ch/rent/real-estate/city-zurich/matching-list?ep=50&be=15000&ac=2.5&ad=5.5&ipd=true","https://www.homegate.ch/rent/4002572292","94 m2","4.5","2,360.–","1971","Bahnhofstr. 73, 8957 Spreitenbach"
"1764272703-11","https://www.homegate.ch/rent/real-estate/city-zurich/matching-list?be=15000&ac=2.5&ad=5.5&ipd=true&ep=40","https://www.homegate.ch/rent/real-estate/city-zurich/matching-list?ep=50&be=15000&ac=2.5&ad=5.5&ipd=true","https://www.homegate.ch/rent/4002577652","68 m2","3.5","1,690.–","","Ahornstrasse 6, 5442 Fislisbach"
"1764272706-12","https://www.homegate.ch/rent/real-estate/city-zurich/matching-list?be=15000&ac=2.5&ad=5.5&ipd=true&ep=40","https://www.homegate.ch/rent/real-estate/city-zurich/matching-list?ep=50&be=15000&ac=2.5&ad=5.5&ipd=true","https://www.homegate.ch/rent/4002580329","116 m2","3.5","6,650.–","","Hofwiesenstrasse 360, 8050 Zürich"
"1764272708-13","https://www.homegate.ch/rent/real-estate/city-zurich/matching-list?be=15000&ac=2.5&ad=5.5&ipd=true&ep=40","https://www.homegate.ch/rent/real-estate/city-zurich/matching-list?ep=50&be=15000&ac=2.5&ad=5.5&ipd=true","https://www.homegate.ch/rent/4002580360","98 m2","3.5","4,424.–","2010","Florastrasse 7, 8700 Küsnacht"
"1764272713-14","https://www.homegate.ch/rent/real-estate/city-zurich/matching-list?be=15000&ac=2.5&ad=5.5&ipd=true&ep=40","https://www.homegate.ch/rent/real-estate/city-zurich/matching-list?ep=50&be=15000&ac=2.5&ad=5.5&ipd=true","https://www.homegate.ch/rent/4002582006","75 m2","3.5","2,780.–","2025","Hardstrasse 6, 8105 Regensdorf"
"1764272717-15","https://www.homegate.ch/rent/real-estate/city-zurich/matching-list?be=15000&ac=2.5&ad=5.5&ipd=true&ep=40","https://www.homegate.ch/rent/real-estate/city-zurich/matching-list?ep=50&be=15000&ac=2.5&ad=5.5&ipd=true","https://www.homegate.ch/rent/4002582541","92 m2","4.5","3,370.–","2025","Hardstrasse 6, 8105 Regensdorf"
"1764272721-16","https://www.homegate.ch/rent/real-estate/city-zurich/matching-list?be=15000&ac=2.5&ad=5.5&ipd=true&ep=40","https://www.homegate.ch/rent/real-estate/city-zurich/matching-list?ep=50&be=15000&ac=2.5&ad=5.5&ipd=true","https://www.homegate.ch/rent/4002585263","151 m2","4.5","7,350.–","2015","Susenbergstrasse 90, 8044 Zürich"
"1764272724-17","https://www.homegate.ch/rent/real-estate/city-zurich/matching-list?be=15000&ac=2.5&ad=5.5&ipd=true&ep=40","https://www.homegate.ch/rent/real-estate/city-zurich/matching-list?ep=50&be=15000&ac=2.5&ad=5.5&ipd=true","https://www.homegate.ch/rent/4002587137","97 m2","2.5","4,320.–","1890","Seefeldstrasse 102, 8008 Zürich"
"1764272727-18","https://www.homegate.ch/rent/real-estate/city-zurich/matching-list?be=15000&ac=2.5&ad=5.5&ipd=true&ep=40","https://www.homegate.ch/rent/real-estate/city-zurich/matching-list?ep=50&be=15000&ac=2.5&ad=5.5&ipd=true","https://www.homegate.ch/rent/4002596196","127 m2","5.5","2,200.–","","Schlosstalstrasse 215, 8408 Winterthur"
"1764272729-19","https://www.homegate.ch/rent/real-estate/city-zurich/matching-list?be=15000&ac=2.5&ad=5.5&ipd=true&ep=40","https://www.homegate.ch/rent/real-estate/city-zurich/matching-list?ep=50&be=15000&ac=2.5&ad=5.5&ipd=true","https://www.homegate.ch/rent/4002599245","72 m2","3.5","2,860.–","2025","Stuckweg 4, 8305 Dietlikon"
"1764272732-20","https://www.homegate.ch/rent/real-estate/city-zurich/matching-list?be=15000&ac=2.5&ad=5.5&ipd=true&ep=40","https://www.homegate.ch/rent/real-estate/city-zurich/matching-list?ep=50&be=15000&ac=2.5&ad=5.5&ipd=true","https://www.homegate.ch/rent/4002599281","70 m2","3.5","2,860.–","2025","Stuckweg 4, 8305 Dietlikon"
"1764272737-21","https://www.homegate.ch/rent/real-estate/city-zurich/matching-list?be=15000&ac=2.5&ad=5.5&ipd=true&ep=40","https://www.homegate.ch/rent/real-estate/city-zurich/matching-list?ep=41&be=15000&ac=2.5&ad=5.5&ipd=true","https://www.homegate.ch/rent/4002689942","","2.5","1,800.–","2023","Jurastrasse 10 A, 5610 Wohlen AG"
"1764272742-22","https://www.homegate.ch/rent/real-estate/city-zurich/matching-list?be=15000&ac=2.5&ad=5.5&ipd=true&ep=40","https://www.homegate.ch/rent/real-estate/city-zurich/matching-list?ep=41&be=15000&ac=2.5&ad=5.5&ipd=true","https://www.homegate.ch/rent/4002690617","89 m2","3.5","2,740.–","2022","Sonneggweg 1, 8180 Bülach"
"1764272744-23","https://www.homegate.ch/rent/real-estate/city-zurich/matching-list?be=15000&ac=2.5&ad=5.5&ipd=true&ep=40","https://www.homegate.ch/rent/real-estate/city-zurich/matching-list?ep=41&be=15000&ac=2.5&ad=5.5&ipd=true","https://www.homegate.ch/rent/4002692573","","3","2,850.–","","Dorfgasse 2, 8708 Männedorf"
"1764272747-24","https://www.homegate.ch/rent/real-estate/city-zurich/matching-list?be=15000&ac=2.5&ad=5.5&ipd=true&ep=40","https://www.homegate.ch/rent/real-estate/city-zurich/matching-list?ep=41&be=15000&ac=2.5&ad=5.5&ipd=true","https://www.homegate.ch/rent/4002693511","","2.5","3,359.–","","Zinnengasse 2/4, 8001 Zürich"
"1764272750-25","https://www.homegate.ch/rent/real-estate/city-zurich/matching-list?be=15000&ac=2.5&ad=5.5&ipd=true&ep=40","https://www.homegate.ch/rent/real-estate/city-zurich/matching-list?ep=41&be=15000&ac=2.5&ad=5.5&ipd=true","https://www.homegate.ch/rent/4002693855","75 m2","3","2,180.–","","Buchzelgstrasse 62, 8053 Zürich"
"1764272752-26","https://www.homegate.ch/rent/real-estate/city-zurich/matching-list?be=15000&ac=2.5&ad=5.5&ipd=true&ep=40","https://www.homegate.ch/rent/real-estate/city-zurich/matching-list?ep=41&be=15000&ac=2.5&ad=5.5&ipd=true","https://www.homegate.ch/rent/4002694735","55 m2","2.5","1,600.–","","Flurstrasse 53, 8048 Zürich"
"1764272755-27","https://www.homegate.ch/rent/real-estate/city-zurich/matching-list?be=15000&ac=2.5&ad=5.5&ipd=true&ep=40","https://www.homegate.ch/rent/real-estate/city-zurich/matching-list?ep=41&be=15000&ac=2.5&ad=5.5&ipd=true","https://www.homegate.ch/rent/4002695996","70 m2","2.5","3,180.–","1957","Klausstrasse 49, 8008 Zürich"
"1764272757-28","https://www.homegate.ch/rent/real-estate/city-zurich/matching-list?be=15000&ac=2.5&ad=5.5&ipd=true&ep=40","https://www.homegate.ch/rent/real-estate/city-zurich/matching-list?ep=41&be=15000&ac=2.5&ad=5.5&ipd=true","https://www.homegate.ch/rent/4002697564","59 m2","2.5","2,230.–","1956","Burstwiesenstrasse 19, 8055 Zürich"
"1764272760-29","https://www.homegate.ch/rent/real-estate/city-zurich/matching-list?be=15000&ac=2.5&ad=5.5&ipd=true&ep=40","https://www.homegate.ch/rent/real-estate/city-zurich/matching-list?ep=41&be=15000&ac=2.5&ad=5.5&ipd=true","https://www.homegate.ch/rent/4002697566","70 m2","3.5","1,735.–","1971","Moosäckerstrasse 4, 5442 Fislisbach"
"1764272762-30","https://www.homegate.ch/rent/real-estate/city-zurich/matching-list?be=15000&ac=2.5&ad=5.5&ipd=true&ep=40","https://www.homegate.ch/rent/real-estate/city-zurich/matching-list?ep=41&be=15000&ac=2.5&ad=5.5&ipd=true","https://www.homegate.ch/rent/4002697571","104 m2","4.5","3,970.–","1961","Witellikerstr. 35, 8702 Zollikon"
"1764272767-31","https://www.homegate.ch/rent/real-estate/city-zurich/matching-list?be=15000&ac=2.5&ad=5.5&ipd=true&ep=40","https://www.homegate.ch/rent/real-estate/city-zurich/matching-list?ep=41&be=15000&ac=2.5&ad=5.5&ipd=true","https://www.homegate.ch/rent/4002697843","95 m2","3.5","3,220.–","2019","Waldeggweg 2a, 8302 Kloten"
"1764272771-32","https://www.homegate.ch/rent/real-estate/city-zurich/matching-list?be=15000&ac=2.5&ad=5.5&ipd=true&ep=40","https://www.homegate.ch/rent/real-estate/city-zurich/matching-list?ep=41&be=15000&ac=2.5&ad=5.5&ipd=true","https://www.homegate.ch/rent/4002706451","148 m2","3.5","3,795.–","","Untere Bühlenstrasse 9, 8708 Männedorf"
"1764272774-33","https://www.homegate.ch/rent/real-estate/city-zurich/matching-list?be=15000&ac=2.5&ad=5.5&ipd=true&ep=40","https://www.homegate.ch/rent/real-estate/city-zurich/matching-list?ep=41&be=15000&ac=2.5&ad=5.5&ipd=true","https://www.homegate.ch/rent/4002707515","123 m2","4.5","4,500.–","2001","Im Grossacher 1, 8125 Zollikerberg"
"1764272777-34","https://www.homegate.ch/rent/real-estate/city-zurich/matching-list?be=15000&ac=2.5&ad=5.5&ipd=true&ep=40","https://www.homegate.ch/rent/real-estate/city-zurich/matching-list?ep=41&be=15000&ac=2.5&ad=5.5&ipd=true","https://www.homegate.ch/rent/4002707594","108 m2","4.5","2,720.–","","Sandäckerstrasse 6, 8957 Spreitenbach"
"1764272779-35","https://www.homegate.ch/rent/real-estate/city-zurich/matching-list?be=15000&ac=2.5&ad=5.5&ipd=true&ep=40","https://www.homegate.ch/rent/real-estate/city-zurich/matching-list?ep=41&be=15000&ac=2.5&ad=5.5&ipd=true","https://www.homegate.ch/rent/4002711516","67 m2","2.5","1,970.–","","Birkenstrasse 1, 5432 Neuenhof"
"1764272784-36","https://www.homegate.ch/rent/real-estate/city-zurich/matching-list?be=15000&ac=2.5&ad=5.5&ipd=true&ep=40","https://www.homegate.ch/rent/real-estate/city-zurich/matching-list?ep=41&be=15000&ac=2.5&ad=5.5&ipd=true","https://www.homegate.ch/rent/4002711517","117 m2","5.5","2,740.–","","Birkenstrasse 4, 5432 Neuenhof"
"1764272788-37","https://www.homegate.ch/rent/real-estate/city-zurich/matching-list?be=15000&ac=2.5&ad=5.5&ipd=true&ep=40","https://www.homegate.ch/rent/real-estate/city-zurich/matching-list?ep=41&be=15000&ac=2.5&ad=5.5&ipd=true","https://www.homegate.ch/rent/4002711518","97 m2","4.5","2,490.–","","Birkenstrasse 4, 5432 Neuenhof"
"1764272791-38","https://www.homegate.ch/rent/real-estate/city-zurich/matching-list?be=15000&ac=2.5&ad=5.5&ipd=true&ep=40","https://www.homegate.ch/rent/real-estate/city-zurich/matching-list?ep=41&be=15000&ac=2.5&ad=5.5&ipd=true","https://www.homegate.ch/rent/4002711527","107 m2","4.5","2,540.–","","Lagerstrasse 3, 5432 Neuenhof"
"1764272793-39","https://www.homegate.ch/rent/real-estate/city-zurich/matching-list?be=15000&ac=2.5&ad=5.5&ipd=true&ep=40","https://www.homegate.ch/rent/real-estate/city-zurich/matching-list?ep=41&be=15000&ac=2.5&ad=5.5&ipd=true","https://www.homegate.ch/rent/4002711624","81 m2","4","1,785.–","1960","Weidstr. 3, 8135 Langnau am Albis"
"1764272798-40","https://www.homegate.ch/rent/real-estate/city-zurich/matching-list?be=15000&ac=2.5&ad=5.5&ipd=true&ep=40","https://www.homegate.ch/rent/real-estate/city-zurich/matching-list?ep=41&be=15000&ac=2.5&ad=5.5&ipd=true","https://www.homegate.ch/rent/4002711751","134 m2","4.5","4,135.–","2021","Schaffhauserstrasse 51, 8152 Glattbrugg"
"1764272804-41","https://www.homegate.ch/rent/real-estate/city-zurich/matching-list?be=15000&ac=2.5&ad=5.5&ipd=true&ep=40","https://www.homegate.ch/rent/real-estate/city-zurich/matching-list?ep=40&be=15000&ac=2.5&ad=5.5&ipd=true","https://www.homegate.ch/rent/4002714258","","5.5","3,270.–","1972","Eintrachtstrasse 16, 8820 Wädenswil"
"1764272807-42","https://www.homegate.ch/rent/real-estate/city-zurich/matching-list?be=15000&ac=2.5&ad=5.5&ipd=true&ep=40","https://www.homegate.ch/rent/real-estate/city-zurich/matching-list?ep=40&be=15000&ac=2.5&ad=5.5&ipd=true","https://www.homegate.ch/rent/4002715544","100 m2","3.5","3,980.–","2016","Rötelstrasse 109, 8037 Zürich"
"1764272810-43","https://www.homegate.ch/rent/real-estate/city-zurich/matching-list?be=15000&ac=2.5&ad=5.5&ipd=true&ep=40","https://www.homegate.ch/rent/real-estate/city-zurich/matching-list?ep=40&be=15000&ac=2.5&ad=5.5&ipd=true","https://www.homegate.ch/rent/4002715652","62 m2","2.5","2,127.–","2010","Leutschenbachstrasse 50/50a, 8050 Zürich"
"1764272815-44","https://www.homegate.ch/rent/real-estate/city-zurich/matching-list?be=15000&ac=2.5&ad=5.5&ipd=true&ep=40","https://www.homegate.ch/rent/real-estate/city-zurich/matching-list?ep=40&be=15000&ac=2.5&ad=5.5&ipd=true","https://www.homegate.ch/rent/4002715668","88 m2","3.5","2,766.–","2018","Ankenbüel 5, 8126 Zumikon"
"1764272818-45","https://www.homegate.ch/rent/real-estate/city-zurich/matching-list?be=15000&ac=2.5&ad=5.5&ipd=true&ep=40","https://www.homegate.ch/rent/real-estate/city-zurich/matching-list?ep=40&be=15000&ac=2.5&ad=5.5&ipd=true","https://www.homegate.ch/rent/4002716101","79 m2","3","2,190.–","","Winterthurerstrasse 70, 8610 Uster"
"1764272823-46","https://www.homegate.ch/rent/real-estate/city-zurich/matching-list?be=15000&ac=2.5&ad=5.5&ipd=true&ep=40","https://www.homegate.ch/rent/real-estate/city-zurich/matching-list?ep=40&be=15000&ac=2.5&ad=5.5&ipd=true","https://www.homegate.ch/rent/4002716324","","5.5","5,100.–","1999","8134 Adliswil"
"1764272825-47","https://www.homegate.ch/rent/real-estate/city-zurich/matching-list?be=15000&ac=2.5&ad=5.5&ipd=true&ep=40","https://www.homegate.ch/rent/real-estate/city-zurich/matching-list?ep=40&be=15000&ac=2.5&ad=5.5&ipd=true","https://www.homegate.ch/rent/4002717698","86 m2","2.5","2,610.–","1993","Hüttisstr. 8, 8050 Zürich"
"1764272828-48","https://www.homegate.ch/rent/real-estate/city-zurich/matching-list?be=15000&ac=2.5&ad=5.5&ipd=true&ep=40","https://www.homegate.ch/rent/real-estate/city-zurich/matching-list?ep=40&be=15000&ac=2.5&ad=5.5&ipd=true","https://www.homegate.ch/rent/4002718016","82 m2","3.5","2,900.–","1995","Imbisbühlsteig 10, 8049 Zürich"
"1764272830-49","https://www.homegate.ch/rent/real-estate/city-zurich/matching-list?be=15000&ac=2.5&ad=5.5&ipd=true&ep=40","https://www.homegate.ch/rent/real-estate/city-zurich/matching-list?ep=40&be=15000&ac=2.5&ad=5.5&ipd=true","https://www.homegate.ch/rent/4002723069","","3.5","4,450.–","2003","8032 Zürich"
"1764272833-50","https://www.homegate.ch/rent/real-estate/city-zurich/matching-list?be=15000&ac=2.5&ad=5.5&ipd=true&ep=40","https://www.homegate.ch/rent/real-estate/city-zurich/matching-list?ep=40&be=15000&ac=2.5&ad=5.5&ipd=true","https://www.homegate.ch/rent/4002723249","96 m2","3.5","2,399.–","","Wiesenstrasse 14a, 8952 Schlieren"
"1764272836-51","https://www.homegate.ch/rent/real-estate/city-zurich/matching-list?be=15000&ac=2.5&ad=5.5&ipd=true&ep=40","https://www.homegate.ch/rent/real-estate/city-zurich/matching-list?ep=40&be=15000&ac=2.5&ad=5.5&ipd=true","https://www.homegate.ch/rent/4002723536","86 m2","4.5","2,626.–","1968","Baslerstrasse 29, 8048 Zürich"
"1764272839-52","https://www.homegate.ch/rent/real-estate/city-zurich/matching-list?be=15000&ac=2.5&ad=5.5&ipd=true&ep=40","https://www.homegate.ch/rent/real-estate/city-zurich/matching-list?ep=40&be=15000&ac=2.5&ad=5.5&ipd=true","https://www.homegate.ch/rent/4002723839","86 m2","3","3,590.–","1943","Schaffhauserstrasse 163, 8057 Zürich"
"1764272841-53","https://www.homegate.ch/rent/real-estate/city-zurich/matching-list?be=15000&ac=2.5&ad=5.5&ipd=true&ep=40","https://www.homegate.ch/rent/real-estate/city-zurich/matching-list?ep=40&be=15000&ac=2.5&ad=5.5&ipd=true","https://www.homegate.ch/rent/4002724503","100 m2","4.5","2,300.–","1993","Rebhaldenstrasse 4B, 8910 Affoltern am Albis"
"1764272844-54","https://www.homegate.ch/rent/real-estate/city-zurich/matching-list?be=15000&ac=2.5&ad=5.5&ipd=true&ep=40","https://www.homegate.ch/rent/real-estate/city-zurich/matching-list?ep=40&be=15000&ac=2.5&ad=5.5&ipd=true","https://www.homegate.ch/rent/4002724570","67 m2","2.5","2,948.–","","Hohlstrasse 480, 8048 Zürich"
"1764272847-55","https://www.homegate.ch/rent/real-estate/city-zurich/matching-list?be=15000&ac=2.5&ad=5.5&ipd=true&ep=40","https://www.homegate.ch/rent/real-estate/city-zurich/matching-list?ep=40&be=15000&ac=2.5&ad=5.5&ipd=true","https://www.homegate.ch/rent/4002724607","63 m2","2.5","2,150.–","2009","Marktgasse 3, 8302 Kloten"
"1764272850-56","https://www.homegate.ch/rent/real-estate/city-zurich/matching-list?be=15000&ac=2.5&ad=5.5&ipd=true&ep=40","https://www.homegate.ch/rent/real-estate/city-zurich/matching-list?ep=40&be=15000&ac=2.5&ad=5.5&ipd=true","https://www.homegate.ch/rent/4002726332","82 m2","3.5","2,560.–","","Panoramastrasse 25, 8903 Birmensdorf"
"1764272852-57","https://www.homegate.ch/rent/real-estate/city-zurich/matching-list?be=15000&ac=2.5&ad=5.5&ipd=true&ep=40","https://www.homegate.ch/rent/real-estate/city-zurich/matching-list?ep=40&be=15000&ac=2.5&ad=5.5&ipd=true","https://www.homegate.ch/rent/4002726911","95 m2","3.5","2,880.–","","Bahnhofstrasse 99C, 8620 Wetzikon"
"1764272856-58","https://www.homegate.ch/rent/real-estate/city-zurich/matching-list?be=15000&ac=2.5&ad=5.5&ipd=true&ep=40","https://www.homegate.ch/rent/real-estate/city-zurich/matching-list?ep=40&be=15000&ac=2.5&ad=5.5&ipd=true","https://www.homegate.ch/rent/4002727136","","3.5","2,350.–","","Im Gassacher 15, 8307 Illnau-Effretikon"
"1764272859-59","https://www.homegate.ch/rent/real-estate/city-zurich/matching-list?be=15000&ac=2.5&ad=5.5&ipd=true&ep=40","https://www.homegate.ch/rent/real-estate/city-zurich/matching-list?ep=40&be=15000&ac=2.5&ad=5.5&ipd=true","https://www.homegate.ch/rent/4002727295","","3.5","1,458.–","","Rosengartenstrasse 6, 8107 Buchs ZH"
"1764272862-60","https://www.homegate.ch/rent/real-estate/city-zurich/matching-list?be=15000&ac=2.5&ad=5.5&ipd=true&ep=40","https://www.homegate.ch/rent/real-estate/city-zurich/matching-list?ep=40&be=15000&ac=2.5&ad=5.5&ipd=true","https://www.homegate.ch/rent/4002727380","68 m2","2.5","2,020.–","1982","Wiesengrundstrasse 15a, 8910 Affoltern am Albis"
"1764272869-61","https://www.homegate.ch/rent/real-estate/city-zurich/matching-list?be=15000&ac=2.5&ad=5.5&ipd=true&ep=40","https://www.homegate.ch/rent/real-estate/city-zurich/matching-list?be=15000&ac=2.5&ad=5.5&ipd=true","https://www.homegate.ch/rent/4002683477","150 m2","4.5","8,000.–","","Rütistrasse 33, 8702 Zollikon"
"1764272875-62","https://www.homegate.ch/rent/real-estate/city-zurich/matching-list?be=15000&ac=2.5&ad=5.5&ipd=true&ep=40","https://www.homegate.ch/rent/real-estate/city-zurich/matching-list?be=15000&ac=2.5&ad=5.5&ipd=true","https://www.homegate.ch/rent/4002709870","90 m2","3.5","3,925.–","1911","Weltistrasse 6, 8002 Zürich"
"1764272878-63","https://www.homegate.ch/rent/real-estate/city-zurich/matching-list?be=15000&ac=2.5&ad=5.5&ipd=true&ep=40","https://www.homegate.ch/rent/real-estate/city-zurich/matching-list?be=15000&ac=2.5&ad=5.5&ipd=true","https://www.homegate.ch/rent/4002714190","140 m2","5.5","2,798.–","2008","Morgentalstrasse 14, 8108 Dällikon"
"1764272881-64","https://www.homegate.ch/rent/real-estate/city-zurich/matching-list?be=15000&ac=2.5&ad=5.5&ipd=true&ep=40","https://www.homegate.ch/rent/real-estate/city-zurich/matching-list?be=15000&ac=2.5&ad=5.5&ipd=true","https://www.homegate.ch/rent/4002730185","120 m2","4.5","3,525.–","","Tobelwiesstrasse 29, 8309 Nürensdorf"
"1764272884-65","https://www.homegate.ch/rent/real-estate/city-zurich/matching-list?be=15000&ac=2.5&ad=5.5&ipd=true&ep=40","https://www.homegate.ch/rent/real-estate/city-zurich/matching-list?be=15000&ac=2.5&ad=5.5&ipd=true","https://www.homegate.ch/rent/4002661838","126 m2","3.5","3,140.–","2025","Am Mühlebach 6, 8964 Rudolfstetten-Friedlisberg"
"1764272887-66","https://www.homegate.ch/rent/real-estate/city-zurich/matching-list?be=15000&ac=2.5&ad=5.5&ipd=true&ep=40","https://www.homegate.ch/rent/real-estate/city-zurich/matching-list?be=15000&ac=2.5&ad=5.5&ipd=true","https://www.homegate.ch/rent/4002527091","109 m2","4.5","4,660.–","2025","Erlengutstrasse 6, 8703 Erlenbach ZH"
"1764272890-67","https://www.homegate.ch/rent/real-estate/city-zurich/matching-list?be=15000&ac=2.5&ad=5.5&ipd=true&ep=40","https://www.homegate.ch/rent/real-estate/city-zurich/matching-list?be=15000&ac=2.5&ad=5.5&ipd=true","https://www.homegate.ch/rent/4002605738","105 m2","4.5","2,770.–","2025","Gaswerkstrasse 9, 5610 Wohlen"
"1764272893-68","https://www.homegate.ch/rent/real-estate/city-zurich/matching-list?be=15000&ac=2.5&ad=5.5&ipd=true&ep=40","https://www.homegate.ch/rent/real-estate/city-zurich/matching-list?be=15000&ac=2.5&ad=5.5&ipd=true","https://www.homegate.ch/rent/4002605754","110 m2","4.5","2,890.–","2025","Gaswerkstrasse 9, 5610 Wohlen"
"1764272899-69","https://www.homegate.ch/rent/real-estate/city-zurich/matching-list?be=15000&ac=2.5&ad=5.5&ipd=true&ep=40","https://www.homegate.ch/rent/real-estate/city-zurich/matching-list?be=15000&ac=2.5&ad=5.5&ipd=true","https://www.homegate.ch/rent/4002661811","88 m2","4.5","3,400.–","2025","Grünhaldenstrasse 28, 8052 Seebach"
"1764272903-70","https://www.homegate.ch/rent/real-estate/city-zurich/matching-list?be=15000&ac=2.5&ad=5.5&ipd=true&ep=40","https://www.homegate.ch/rent/real-estate/city-zurich/matching-list?be=15000&ac=2.5&ad=5.5&ipd=true","https://www.homegate.ch/rent/4002700035","58 m2","2.5","2,990.–","2023","Tödistrasse 63, 8810 Horgen"
"1764272908-71","https://www.homegate.ch/rent/real-estate/city-zurich/matching-list?be=15000&ac=2.5&ad=5.5&ipd=true&ep=40","https://www.homegate.ch/rent/real-estate/city-zurich/matching-list?be=15000&ac=2.5&ad=5.5&ipd=true","https://www.homegate.ch/rent/4002730197","102 m2","4.5","2,600.–","","Kelleräckerstrasse 36, 8967 Widen"
"1764272910-72","https://www.homegate.ch/rent/real-estate/city-zurich/matching-list?be=15000&ac=2.5&ad=5.5&ipd=true&ep=40","https://www.homegate.ch/rent/real-estate/city-zurich/matching-list?be=15000&ac=2.5&ad=5.5&ipd=true","https://www.homegate.ch/rent/4002414843","110 m2","4.5","3,650.–","1969","Trichtenhausenstrasse 130, 8053 Zürich"
"1764272917-73","https://www.homegate.ch/rent/real-estate/city-zurich/matching-list?be=15000&ac=2.5&ad=5.5&ipd=true&ep=40","https://www.homegate.ch/rent/real-estate/city-zurich/matching-list?be=15000&ac=2.5&ad=5.5&ipd=true","https://www.homegate.ch/rent/4002664748","99 m2","4.5","4,170.–","2023","Regensdorferstr. 65, 8049 Zürich"
"1764272921-74","https://www.homegate.ch/rent/real-estate/city-zurich/matching-list?be=15000&ac=2.5&ad=5.5&ipd=true&ep=40","https://www.homegate.ch/rent/real-estate/city-zurich/matching-list?be=15000&ac=2.5&ad=5.5&ipd=true","https://www.homegate.ch/rent/4002707261","144 m2","5","5,500.–","1974","Glärnischstrasse 111, 8708 Männedorf"
"1764272927-75","https://www.homegate.ch/rent/real-estate/city-zurich/matching-list?be=15000&ac=2.5&ad=5.5&ipd=true&ep=40","https://www.homegate.ch/rent/real-estate/city-zurich/matching-list?be=15000&ac=2.5&ad=5.5&ipd=true","https://www.homegate.ch/rent/4002713119","222 m2","5.5","7,250.–","2004","Haldenweg 6, 8180 Bülach"
"1764272930-76","https://www.homegate.ch/rent/real-estate/city-zurich/matching-list?be=15000&ac=2.5&ad=5.5&ipd=true&ep=40","https://www.homegate.ch/rent/real-estate/city-zurich/matching-list?be=15000&ac=2.5&ad=5.5&ipd=true","https://www.homegate.ch/rent/4002717233","187 m2","5.5","6,690.–","1908","Spiegelhofstrasse 62, 8032 Zürich"
"1764272933-77","https://www.homegate.ch/rent/real-estate/city-zurich/matching-list?be=15000&ac=2.5&ad=5.5&ipd=true&ep=40","https://www.homegate.ch/rent/real-estate/city-zurich/matching-list?be=15000&ac=2.5&ad=5.5&ipd=true","https://www.homegate.ch/rent/4002516942","125 m2","4.5","4,790.–","2023","Bucheggstr. 130, 8057 Zürich"
"1764272936-78","https://www.homegate.ch/rent/real-estate/city-zurich/matching-list?be=15000&ac=2.5&ad=5.5&ipd=true&ep=40","https://www.homegate.ch/rent/real-estate/city-zurich/matching-list?be=15000&ac=2.5&ad=5.5&ipd=true","https://www.homegate.ch/rent/4002700034","58 m2","2.5","2,990.–","2025","Thurgauerstrasse 107, 8152 Opfikon"
"1764272939-79","https://www.homegate.ch/rent/real-estate/city-zurich/matching-list?be=15000&ac=2.5&ad=5.5&ipd=true&ep=40","https://www.homegate.ch/rent/real-estate/city-zurich/matching-list?be=15000&ac=2.5&ad=5.5&ipd=true","https://www.homegate.ch/rent/4002711875","77 m2","2.5","4,270.–","2025","Spiserstrasse 10, 8047 Zürich"
"1764272942-80","https://www.homegate.ch/rent/real-estate/city-zurich/matching-list?be=15000&ac=2.5&ad=5.5&ipd=true&ep=40","https://www.homegate.ch/rent/real-estate/city-zurich/matching-list?be=15000&ac=2.5&ad=5.5&ipd=true","https://www.homegate.ch/rent/4002700032","75 m2","3.5","3,990.–","2025","Thurgauerstrasse 107, 8152 Opfikon"
"1764272950-81","https://www.homegate.ch/rent/real-estate/city-zurich/matching-list?be=15000&ac=2.5&ad=5.5&ipd=true&ep=40","https://www.homegate.ch/rent/real-estate/city-zurich/matching-list?ep=39&be=15000&ac=2.5&ad=5.5&ipd=true","https://www.homegate.ch/rent/4002727484","62 m2","2.5","1,890.–","2019","Zwirnereistrasse 21, 8304 Wallisellen"
"1764272953-82","https://www.homegate.ch/rent/real-estate/city-zurich/matching-list?be=15000&ac=2.5&ad=5.5&ipd=true&ep=40","https://www.homegate.ch/rent/real-estate/city-zurich/matching-list?ep=39&be=15000&ac=2.5&ad=5.5&ipd=true","https://www.homegate.ch/rent/4002729081","112 m2","3.5","3,130.–","2026","Poststrasse 13, 8180 Bülach"
"1764272956-83","https://www.homegate.ch/rent/real-estate/city-zurich/matching-list?be=15000&ac=2.5&ad=5.5&ipd=true&ep=40","https://www.homegate.ch/rent/real-estate/city-zurich/matching-list?ep=39&be=15000&ac=2.5&ad=5.5&ipd=true","https://www.homegate.ch/rent/4002729082","87 m2","3.5","2,585.–","2026","Poststrasse 13, 8180 Bülach"
"1764272959-84","https://www.homegate.ch/rent/real-estate/city-zurich/matching-list?be=15000&ac=2.5&ad=5.5&ipd=true&ep=40","https://www.homegate.ch/rent/real-estate/city-zurich/matching-list?ep=39&be=15000&ac=2.5&ad=5.5&ipd=true","https://www.homegate.ch/rent/4002729085","114 m2","4.5","4,035.–","2026","Poststrasse 13, 8180 Bülach"
"1764272964-85","https://www.homegate.ch/rent/real-estate/city-zurich/matching-list?be=15000&ac=2.5&ad=5.5&ipd=true&ep=40","https://www.homegate.ch/rent/real-estate/city-zurich/matching-list?ep=39&be=15000&ac=2.5&ad=5.5&ipd=true","https://www.homegate.ch/rent/4002729126","97 m2","4.5","2,230.–","","Bohnäckerstr. 5, 8955 Oetwil a.d.L."
"1764272967-86","https://www.homegate.ch/rent/real-estate/city-zurich/matching-list?be=15000&ac=2.5&ad=5.5&ipd=true&ep=40","https://www.homegate.ch/rent/real-estate/city-zurich/matching-list?ep=39&be=15000&ac=2.5&ad=5.5&ipd=true","https://www.homegate.ch/rent/4002730316","113 m2","4.5","4,175.–","2025","Sonnentalstrasse 4b, 8600 Dübendorf"
"1764272970-87","https://www.homegate.ch/rent/real-estate/city-zurich/matching-list?be=15000&ac=2.5&ad=5.5&ipd=true&ep=40","https://www.homegate.ch/rent/real-estate/city-zurich/matching-list?ep=39&be=15000&ac=2.5&ad=5.5&ipd=true","https://www.homegate.ch/rent/4002730335","74 m2","2.5","2,077.–","1981","Neugutstrasse 24, 8102 Oberengstringen"
"1764272975-88","https://www.homegate.ch/rent/real-estate/city-zurich/matching-list?be=15000&ac=2.5&ad=5.5&ipd=true&ep=40","https://www.homegate.ch/rent/real-estate/city-zurich/matching-list?ep=39&be=15000&ac=2.5&ad=5.5&ipd=true","https://www.homegate.ch/rent/4002730396","85 m2","2.5","5,790.–","2017","Zentralstrasse 37, 8003 Zürich"
"1764272978-89","https://www.homegate.ch/rent/real-estate/city-zurich/matching-list?be=15000&ac=2.5&ad=5.5&ipd=true&ep=40","https://www.homegate.ch/rent/real-estate/city-zurich/matching-list?ep=39&be=15000&ac=2.5&ad=5.5&ipd=true","https://www.homegate.ch/rent/4002731460","","3.5","4,000.–","2026","Hofwiesenstrasse 232, 8057 Zürich"
"1764272980-90","https://www.homegate.ch/rent/real-estate/city-zurich/matching-list?be=15000&ac=2.5&ad=5.5&ipd=true&ep=40","https://www.homegate.ch/rent/real-estate/city-zurich/matching-list?ep=39&be=15000&ac=2.5&ad=5.5&ipd=true","https://www.homegate.ch/rent/4002731474","","3.5","4,520.–","2026","Hofwiesenstrasse 232, 8057 Zürich"
"1764272983-91","https://www.homegate.ch/rent/real-estate/city-zurich/matching-list?be=15000&ac=2.5&ad=5.5&ipd=true&ep=40","https://www.homegate.ch/rent/real-estate/city-zurich/matching-list?ep=39&be=15000&ac=2.5&ad=5.5&ipd=true","https://www.homegate.ch/rent/4002731475","","2.5","2,870.–","2026","Hofwiesenstrasse 234, 8057 Zürich"
"1764272985-92","https://www.homegate.ch/rent/real-estate/city-zurich/matching-list?be=15000&ac=2.5&ad=5.5&ipd=true&ep=40","https://www.homegate.ch/rent/real-estate/city-zurich/matching-list?ep=39&be=15000&ac=2.5&ad=5.5&ipd=true","https://www.homegate.ch/rent/4002731547","91 m2","3.5","2,500.–","","Wehntalerstrasse 49a, 8181 Höri"
"1764272988-93","https://www.homegate.ch/rent/real-estate/city-zurich/matching-list?be=15000&ac=2.5&ad=5.5&ipd=true&ep=40","https://www.homegate.ch/rent/real-estate/city-zurich/matching-list?ep=39&be=15000&ac=2.5&ad=5.5&ipd=true","https://www.homegate.ch/rent/4002732005","93 m2","3.5","2,110.–","1988","Hagenholzstrasse 2, 8302 Kloten"
"1764272991-94","https://www.homegate.ch/rent/real-estate/city-zurich/matching-list?be=15000&ac=2.5&ad=5.5&ipd=true&ep=40","https://www.homegate.ch/rent/real-estate/city-zurich/matching-list?ep=39&be=15000&ac=2.5&ad=5.5&ipd=true","https://www.homegate.ch/rent/4002732833","58 m2","3.5","1,426.–","1959","Neudorfstr. 58, 8810 Horgen"
"1764272995-95","https://www.homegate.ch/rent/real-estate/city-zurich/matching-list?be=15000&ac=2.5&ad=5.5&ipd=true&ep=40","https://www.homegate.ch/rent/real-estate/city-zurich/matching-list?ep=39&be=15000&ac=2.5&ad=5.5&ipd=true","https://www.homegate.ch/rent/4002732840","110 m2","4.5","1,930.–","1986","Bahnhofstrasse 40, 5430 Wettingen"
"1764272998-96","https://www.homegate.ch/rent/real-estate/city-zurich/matching-list?be=15000&ac=2.5&ad=5.5&ipd=true&ep=40","https://www.homegate.ch/rent/real-estate/city-zurich/matching-list?ep=39&be=15000&ac=2.5&ad=5.5&ipd=true","https://www.homegate.ch/rent/4002732877","90 m2","3","3,430.–","1961","Berghaldenstrasse 16, 8800 Thalwil"
"1764273001-97","https://www.homegate.ch/rent/real-estate/city-zurich/matching-list?be=15000&ac=2.5&ad=5.5&ipd=true&ep=40","https://www.homegate.ch/rent/real-estate/city-zurich/matching-list?ep=39&be=15000&ac=2.5&ad=5.5&ipd=true","https://www.homegate.ch/rent/4002260059","186 m2","4.5","3,300.–","1999","Dorfstrasse 8, 8155 Niederhasli"
"1764273007-98","https://www.homegate.ch/rent/real-estate/city-zurich/matching-list?be=15000&ac=2.5&ad=5.5&ipd=true&ep=40","https://www.homegate.ch/rent/real-estate/city-zurich/matching-list?ep=39&be=15000&ac=2.5&ad=5.5&ipd=true","https://www.homegate.ch/rent/4002299366","104 m2","4.5","2,285.–","1982","Kanalweg 4, 8610 Uster"
"1764273011-99","https://www.homegate.ch/rent/real-estate/city-zurich/matching-list?be=15000&ac=2.5&ad=5.5&ipd=true&ep=40","https://www.homegate.ch/rent/real-estate/city-zurich/matching-list?ep=39&be=15000&ac=2.5&ad=5.5&ipd=true","https://www.homegate.ch/rent/4002309956","78 m2","3.5","3,210.–","","Segnesstrasse 10 (Haus E), 8048 Zürich"
"1764273014-100","https://www.homegate.ch/rent/real-estate/city-zurich/matching-list?be=15000&ac=2.5&ad=5.5&ipd=true&ep=40","https://www.homegate.ch/rent/real-estate/city-zurich/matching-list?ep=39&be=15000&ac=2.5&ad=5.5&ipd=true","https://www.homegate.ch/rent/4002312577","","5.5","3,900.–","","Speerstrasse 1, 8304 Wallisellen"
